IdBundesland	Bundesland	IdLandkreis	Landkreis	population	krs17_name	fl17	bev17	kbez	kbez.1	ktyp4	ktyp4_name	slraum	slraum_name	raumt2010lage_kreis	raumt2010lage_kreis_name	rtyp3	rtyp3_name	WO	WO_name	ones
1.0	Schleswig-Holstein	01001	SK Flensburg	90164.0	Flensburg, Stadt	56.74	88519.0	41.0	Kreisfreie Stadt	4.0	Dünn besiedelter ländlicher Kreis	2.0	Ländlicher Raum	2.0	zentral	3.0	Ländliche Region	1.0	Westdeutschland	1
1.0	Schleswig-Holstein	01002	SK Kiel	246794.0	Kiel, Stadt	118.65	247943.0	41.0	Kreisfreie Stadt	1.0	kreisfreie Großstadt	1.0	Städtischer Raum	2.0	zentral	2.0	Region mit Verstädterungsansätzen	1.0	Westdeutschland	1
1.0	Schleswig-Holstein	01003	SK Lübeck	216530.0	Lübeck, Stadt	214.21	216318.0	41.0	Kreisfreie Stadt	1.0	kreisfreie Großstadt	1.0	Städtischer Raum	1.0	sehr zentral	2.0	Region mit Verstädterungsansätzen	1.0	Westdeutschland	1
1.0	Schleswig-Holstein	01004	SK Neumünster	80196.0	Neumünster, Stadt	71.63	79335.0	41.0	Kreisfreie Stadt	3.0	Ländlicher Kreis mit Verdichtungsansätzen	2.0	Ländlicher Raum	2.0	zentral	2.0	Region mit Verstädterungsansätzen	1.0	Westdeutschland	1
1.0	Schleswig-Holstein	01051	LK Dithmarschen	133193.0	Dithmarschen	1428.17	133447.0	43.0	Kreis	4.0	Dünn besiedelter ländlicher Kreis	2.0	Ländlicher Raum	4.0	sehr peripher	3.0	Ländliche Region	1.0	Westdeutschland	1
1.0	Schleswig-Holstein	01053	LK Herzogtum Lauenburg	198019.0	Herzogtum Lauenburg	1263.06	196074.0	43.0	Kreis	3.0	Ländlicher Kreis mit Verdichtungsansätzen	2.0	Ländlicher Raum	2.0	zentral	2.0	Region mit Verstädterungsansätzen	1.0	Westdeutschland	1
1.0	Schleswig-Holstein	01054	LK Nordfriesland	165951.0	Nordfriesland	2082.97	165462.0	43.0	Kreis	4.0	Dünn besiedelter ländlicher Kreis	2.0	Ländlicher Raum	4.0	sehr peripher	3.0	Ländliche Region	1.0	Westdeutschland	1
1.0	Schleswig-Holstein	01055	LK Ostholstein	200539.0	Ostholstein	1392.58	200584.0	43.0	Kreis	3.0	Ländlicher Kreis mit Verdichtungsansätzen	2.0	Ländlicher Raum	2.0	zentral	2.0	Region mit Verstädterungsansätzen	1.0	Westdeutschland	1
1.0	Schleswig-Holstein	01056	LK Pinneberg	316103.0	Pinneberg	664.28	312662.0	43.0	Kreis	2.0	Städtischer Kreis	1.0	Städtischer Raum	1.0	sehr zentral	2.0	Region mit Verstädterungsansätzen	1.0	Westdeutschland	1
1.0	Schleswig-Holstein	01057	LK Plön	128686.0	Plön	1083.18	128842.0	43.0	Kreis	3.0	Ländlicher Kreis mit Verdichtungsansätzen	2.0	Ländlicher Raum	3.0	peripher	2.0	Region mit Verstädterungsansätzen	1.0	Westdeutschland	1
1.0	Schleswig-Holstein	01058	LK Rendsburg-Eckernförde	274098.0	Rendsburg-Eckernförde	2189.26	273022.0	43.0	Kreis	3.0	Ländlicher Kreis mit Verdichtungsansätzen	2.0	Ländlicher Raum	3.0	peripher	2.0	Region mit Verstädterungsansätzen	1.0	Westdeutschland	1
1.0	Schleswig-Holstein	01059	LK Schleswig-Flensburg	201156.0	Schleswig-Flensburg	2071.13	199503.0	43.0	Kreis	4.0	Dünn besiedelter ländlicher Kreis	2.0	Ländlicher Raum	3.0	peripher	3.0	Ländliche Region	1.0	Westdeutschland	1
1.0	Schleswig-Holstein	01060	LK Segeberg	277175.0	Segeberg	1344.4	274025.0	43.0	Kreis	3.0	Ländlicher Kreis mit Verdichtungsansätzen	2.0	Ländlicher Raum	2.0	zentral	2.0	Region mit Verstädterungsansätzen	1.0	Westdeutschland	1
1.0	Schleswig-Holstein	01061	LK Steinburg	131013.0	Steinburg	1055.7	131613.0	43.0	Kreis	4.0	Dünn besiedelter ländlicher Kreis	2.0	Ländlicher Raum	2.0	zentral	3.0	Ländliche Region	1.0	Westdeutschland	1
1.0	Schleswig-Holstein	01062	LK Stormarn	244156.0	Stormarn	766.32	242472.0	43.0	Kreis	2.0	Städtischer Kreis	1.0	Städtischer Raum	1.0	sehr zentral	2.0	Region mit Verstädterungsansätzen	1.0	Westdeutschland	1
2.0	Hamburg	02000	SK Hamburg	1847253.0	Hamburg, Stadt	755.3	1830584.0	41.0	Kreisfreie Stadt	1.0	kreisfreie Großstadt	1.0	Städtischer Raum	1.0	sehr zentral	1.0	Städtische Region	1.0	Westdeutschland	1
3.0	Niedersachsen	03101	SK Braunschweig	249406.0	Braunschweig, Stadt	192.7	248023.0	41.0	Kreisfreie Stadt	1.0	kreisfreie Großstadt	1.0	Städtischer Raum	1.0	sehr zentral	2.0	Region mit Verstädterungsansätzen	1.0	Westdeutschland	1
3.0	Niedersachsen	03102	SK Salzgitter	104291.0	Salzgitter, Stadt	224.49	104548.0	41.0	Kreisfreie Stadt	1.0	kreisfreie Großstadt	1.0	Städtischer Raum	2.0	zentral	2.0	Region mit Verstädterungsansätzen	1.0	Westdeutschland	1
3.0	Niedersachsen	03103	SK Wolfsburg	124371.0	Wolfsburg, Stadt	204.61	123914.0	41.0	Kreisfreie Stadt	1.0	kreisfreie Großstadt	1.0	Städtischer Raum	2.0	zentral	2.0	Region mit Verstädterungsansätzen	1.0	Westdeutschland	1
3.0	Niedersachsen	03151	LK Gifhorn	176523.0	Gifhorn	1567.58	175079.0	44.0	Landkreis	4.0	Dünn besiedelter ländlicher Kreis	2.0	Ländlicher Raum	3.0	peripher	2.0	Region mit Verstädterungsansätzen	1.0	Westdeutschland	1
3.0	Niedersachsen	03153	LK Goslar	136292.0	Goslar	966.74	137563.0	44.0	Landkreis	3.0	Ländlicher Kreis mit Verdichtungsansätzen	2.0	Ländlicher Raum	3.0	peripher	2.0	Region mit Verstädterungsansätzen	1.0	Westdeutschland	1
3.0	Niedersachsen	03154	LK Helmstedt	91297.0	Helmstedt	676.11	91720.0	44.0	Landkreis	3.0	Ländlicher Kreis mit Verdichtungsansätzen	2.0	Ländlicher Raum	2.0	zentral	2.0	Region mit Verstädterungsansätzen	1.0	Westdeutschland	1
3.0	Niedersachsen	03155	LK Northeim	132285.0	Northeim	1268.76	133046.0	44.0	Landkreis	4.0	Dünn besiedelter ländlicher Kreis	2.0	Ländlicher Raum	3.0	peripher	2.0	Region mit Verstädterungsansätzen	1.0	Westdeutschland	1
3.0	Niedersachsen	03157	LK Peine	134801.0	Peine	536.5	133368.0	44.0	Landkreis	2.0	Städtischer Kreis	1.0	Städtischer Raum	2.0	zentral	2.0	Region mit Verstädterungsansätzen	1.0	Westdeutschland	1
3.0	Niedersachsen	03158	LK Wolfenbüttel	119622.0	Wolfenbüttel	724.29	120437.0	44.0	Landkreis	3.0	Ländlicher Kreis mit Verdichtungsansätzen	2.0	Ländlicher Raum	2.0	zentral	2.0	Region mit Verstädterungsansätzen	1.0	Westdeutschland	1
3.0	Niedersachsen	03159	LK Göttingen	326041.0	Göttingen	1755.53	328036.0	44.0	Landkreis	2.0	Städtischer Kreis	1.0	Städtischer Raum	2.0	zentral	2.0	Region mit Verstädterungsansätzen	1.0	Westdeutschland	1
3.0	Niedersachsen	03241	Region Hannover	1157115.0	Region Hannover	2297.13	1152675.0	44.0	Landkreis	2.0	Städtischer Kreis	1.0	Städtischer Raum	1.0	sehr zentral	1.0	Städtische Region	1.0	Westdeutschland	1
3.0	Niedersachsen	03251	LK Diepholz	217089.0	Diepholz	1990.97	216012.0	44.0	Landkreis	3.0	Ländlicher Kreis mit Verdichtungsansätzen	2.0	Ländlicher Raum	2.0	zentral	2.0	Region mit Verstädterungsansätzen	1.0	Westdeutschland	1
3.0	Niedersachsen	03252	LK Hameln-Pyrmont	148549.0	Hameln-Pyrmont	797.53	148296.0	44.0	Landkreis	3.0	Ländlicher Kreis mit Verdichtungsansätzen	2.0	Ländlicher Raum	2.0	zentral	2.0	Region mit Verstädterungsansätzen	1.0	Westdeutschland	1
3.0	Niedersachsen	03254	LK Hildesheim	275817.0	Hildesheim	1208.35	276640.0	44.0	Landkreis	2.0	Städtischer Kreis	1.0	Städtischer Raum	2.0	zentral	2.0	Region mit Verstädterungsansätzen	1.0	Westdeutschland	1
3.0	Niedersachsen	03255	LK Holzminden	70458.0	Holzminden	694.24	71144.0	44.0	Landkreis	4.0	Dünn besiedelter ländlicher Kreis	2.0	Ländlicher Raum	3.0	peripher	2.0	Region mit Verstädterungsansätzen	1.0	Westdeutschland	1
3.0	Niedersachsen	03256	LK Nienburg (Weser)	121390.0	Nienburg (Weser)	1400.79	121470.0	44.0	Landkreis	4.0	Dünn besiedelter ländlicher Kreis	2.0	Ländlicher Raum	3.0	peripher	1.0	Städtische Region	1.0	Westdeutschland	1
3.0	Niedersachsen	03257	LK Schaumburg	157820.0	Schaumburg	675.69	157883.0	44.0	Landkreis	2.0	Städtischer Kreis	1.0	Städtischer Raum	2.0	zentral	1.0	Städtische Region	1.0	Westdeutschland	1
3.0	Niedersachsen	03351	LK Celle	179011.0	Celle	1550.82	178764.0	44.0	Landkreis	4.0	Dünn besiedelter ländlicher Kreis	2.0	Ländlicher Raum	3.0	peripher	3.0	Ländliche Region	1.0	Westdeutschland	1
3.0	Niedersachsen	03352	LK Cuxhaven	198038.0	Cuxhaven	2058.97	198100.0	44.0	Landkreis	4.0	Dünn besiedelter ländlicher Kreis	2.0	Ländlicher Raum	3.0	peripher	2.0	Region mit Verstädterungsansätzen	1.0	Westdeutschland	1
3.0	Niedersachsen	03353	LK Harburg	254431.0	Harburg	1248.57	251511.0	44.0	Landkreis	2.0	Städtischer Kreis	1.0	Städtischer Raum	2.0	zentral	3.0	Ländliche Region	1.0	Westdeutschland	1
3.0	Niedersachsen	03354	LK Lüchow-Dannenberg	48412.0	Lüchow-Dannenberg	1227.28	48357.0	44.0	Landkreis	4.0	Dünn besiedelter ländlicher Kreis	2.0	Ländlicher Raum	4.0	sehr peripher	3.0	Ländliche Region	1.0	Westdeutschland	1
3.0	Niedersachsen	03355	LK Lüneburg	184139.0	Lüneburg	1327.68	182930.0	44.0	Landkreis	4.0	Dünn besiedelter ländlicher Kreis	2.0	Ländlicher Raum	2.0	zentral	3.0	Ländliche Region	1.0	Westdeutschland	1
3.0	Niedersachsen	03356	LK Osterholz	113928.0	Osterholz	652.67	113105.0	44.0	Landkreis	2.0	Städtischer Kreis	1.0	Städtischer Raum	2.0	zentral	2.0	Region mit Verstädterungsansätzen	1.0	Westdeutschland	1
3.0	Niedersachsen	03357	LK Rotenburg (Wümme)	163782.0	Rotenburg (Wümme)	2074.79	163377.0	44.0	Landkreis	4.0	Dünn besiedelter ländlicher Kreis	2.0	Ländlicher Raum	3.0	peripher	3.0	Ländliche Region	1.0	Westdeutschland	1
3.0	Niedersachsen	03358	LK Heidekreis	140673.0	Heidekreis	1881.4	139099.0	44.0	Landkreis	4.0	Dünn besiedelter ländlicher Kreis	2.0	Ländlicher Raum	3.0	peripher	3.0	Ländliche Region	1.0	Westdeutschland	1
3.0	Niedersachsen	03359	LK Stade	204512.0	Stade	1267.4	201887.0	44.0	Landkreis	3.0	Ländlicher Kreis mit Verdichtungsansätzen	2.0	Ländlicher Raum	3.0	peripher	3.0	Ländliche Region	1.0	Westdeutschland	1
3.0	Niedersachsen	03360	LK Uelzen	92389.0	Uelzen	1462.61	92744.0	44.0	Landkreis	4.0	Dünn besiedelter ländlicher Kreis	2.0	Ländlicher Raum	3.0	peripher	3.0	Ländliche Region	1.0	Westdeutschland	1
3.0	Niedersachsen	03361	LK Verden	137133.0	Verden	789.4	136590.0	44.0	Landkreis	3.0	Ländlicher Kreis mit Verdichtungsansätzen	2.0	Ländlicher Raum	2.0	zentral	2.0	Region mit Verstädterungsansätzen	1.0	Westdeutschland	1
3.0	Niedersachsen	03401	SK Delmenhorst	77559.0	Delmenhorst, Stadt	62.45	77521.0	41.0	Kreisfreie Stadt	3.0	Ländlicher Kreis mit Verdichtungsansätzen	2.0	Ländlicher Raum	2.0	zentral	2.0	Region mit Verstädterungsansätzen	1.0	Westdeutschland	1
3.0	Niedersachsen	03402	SK Emden	49913.0	Emden, Stadt	112.34	50607.0	41.0	Kreisfreie Stadt	3.0	Ländlicher Kreis mit Verdichtungsansätzen	2.0	Ländlicher Raum	3.0	peripher	2.0	Region mit Verstädterungsansätzen	1.0	Westdeutschland	1
3.0	Niedersachsen	03403	SK Oldenburg	169077.0	Oldenburg (Oldenburg), Stadt	103.09	167081.0	41.0	Kreisfreie Stadt	1.0	kreisfreie Großstadt	1.0	Städtischer Raum	2.0	zentral	2.0	Region mit Verstädterungsansätzen	1.0	Westdeutschland	1
3.0	Niedersachsen	03404	SK Osnabrück	165251.0	Osnabrück, Stadt	119.8	164374.0	41.0	Kreisfreie Stadt	1.0	kreisfreie Großstadt	1.0	Städtischer Raum	1.0	sehr zentral	2.0	Region mit Verstädterungsansätzen	1.0	Westdeutschland	1
3.0	Niedersachsen	03405	SK Wilhelmshaven	76089.0	Wilhelmshaven, Stadt	107.07	76316.0	41.0	Kreisfreie Stadt	2.0	Städtischer Kreis	1.0	Städtischer Raum	3.0	peripher	2.0	Region mit Verstädterungsansätzen	1.0	Westdeutschland	1
3.0	Niedersachsen	03451	LK Ammerland	124859.0	Ammerland	730.56	123377.0	44.0	Landkreis	2.0	Städtischer Kreis	1.0	Städtischer Raum	2.0	zentral	2.0	Region mit Verstädterungsansätzen	1.0	Westdeutschland	1
3.0	Niedersachsen	03452	LK Aurich	189694.0	Aurich	1287.34	189949.0	44.0	Landkreis	3.0	Ländlicher Kreis mit Verdichtungsansätzen	2.0	Ländlicher Raum	3.0	peripher	2.0	Region mit Verstädterungsansätzen	1.0	Westdeutschland	1
3.0	Niedersachsen	03453	LK Cloppenburg	170682.0	Cloppenburg	1420.42	167925.0	44.0	Landkreis	3.0	Ländlicher Kreis mit Verdichtungsansätzen	2.0	Ländlicher Raum	3.0	peripher	2.0	Region mit Verstädterungsansätzen	1.0	Westdeutschland	1
3.0	Niedersachsen	03454	LK Emsland	326954.0	Emsland	2883.67	323636.0	44.0	Landkreis	4.0	Dünn besiedelter ländlicher Kreis	2.0	Ländlicher Raum	3.0	peripher	3.0	Ländliche Region	1.0	Westdeutschland	1
3.0	Niedersachsen	03455	LK Friesland	98704.0	Friesland	609.54	98509.0	44.0	Landkreis	2.0	Städtischer Kreis	1.0	Städtischer Raum	3.0	peripher	2.0	Region mit Verstädterungsansätzen	1.0	Westdeutschland	1
3.0	Niedersachsen	03456	LK Grafschaft Bentheim	137162.0	Grafschaft Bentheim	981.81	135859.0	44.0	Landkreis	4.0	Dünn besiedelter ländlicher Kreis	2.0	Ländlicher Raum	2.0	zentral	3.0	Ländliche Region	1.0	Westdeutschland	1
3.0	Niedersachsen	03457	LK Leer	170756.0	Leer	1085.69	168946.0	44.0	Landkreis	3.0	Ländlicher Kreis mit Verdichtungsansätzen	2.0	Ländlicher Raum	3.0	peripher	2.0	Region mit Verstädterungsansätzen	1.0	Westdeutschland	1
3.0	Niedersachsen	03458	LK Oldenburg	130890.0	Oldenburg	1064.83	129924.0	44.0	Landkreis	3.0	Ländlicher Kreis mit Verdichtungsansätzen	2.0	Ländlicher Raum	2.0	zentral	2.0	Region mit Verstädterungsansätzen	1.0	Westdeutschland	1
3.0	Niedersachsen	03459	LK Osnabrück	358080.0	Osnabrück	2121.81	356140.0	44.0	Landkreis	3.0	Ländlicher Kreis mit Verdichtungsansätzen	2.0	Ländlicher Raum	2.0	zentral	2.0	Region mit Verstädterungsansätzen	1.0	Westdeutschland	1
3.0	Niedersachsen	03460	LK Vechta	142814.0	Vechta	814.2	140540.0	44.0	Landkreis	3.0	Ländlicher Kreis mit Verdichtungsansätzen	2.0	Ländlicher Raum	2.0	zentral	2.0	Region mit Verstädterungsansätzen	1.0	Westdeutschland	1
3.0	Niedersachsen	03461	LK Wesermarsch	88583.0	Wesermarsch	824.76	89022.0	44.0	Landkreis	4.0	Dünn besiedelter ländlicher Kreis	2.0	Ländlicher Raum	3.0	peripher	2.0	Region mit Verstädterungsansätzen	1.0	Westdeutschland	1
3.0	Niedersachsen	03462	LK Wittmund	56926.0	Wittmund	656.83	56731.0	44.0	Landkreis	4.0	Dünn besiedelter ländlicher Kreis	2.0	Ländlicher Raum	3.0	peripher	2.0	Region mit Verstädterungsansätzen	1.0	Westdeutschland	1
4.0	Bremen	04011	SK Bremen	567559.0	Bremen, Stadt	326.18	568006.0	41.0	Kreisfreie Stadt	1.0	kreisfreie Großstadt	1.0	Städtischer Raum	1.0	sehr zentral	1.0	Städtische Region	1.0	Westdeutschland	1
4.0	Bremen	04012	SK Bremerhaven	113643.0	Bremerhaven, Stadt	93.66	113026.0	41.0	Kreisfreie Stadt	1.0	kreisfreie Großstadt	1.0	Städtischer Raum	2.0	zentral	2.0	Region mit Verstädterungsansätzen	1.0	Westdeutschland	1
5.0	Nordrhein-Westfalen	05111	SK Düsseldorf	621877.0	Düsseldorf, Stadt	217.41	617280.0	41.0	Kreisfreie Stadt	1.0	kreisfreie Großstadt	1.0	Städtischer Raum	1.0	sehr zentral	1.0	Städtische Region	1.0	Westdeutschland	1
5.0	Nordrhein-Westfalen	05112	SK Duisburg	498686.0	Duisburg, Stadt	232.8	498110.0	41.0	Kreisfreie Stadt	1.0	kreisfreie Großstadt	1.0	Städtischer Raum	1.0	sehr zentral	1.0	Städtische Region	1.0	Westdeutschland	1
5.0	Nordrhein-Westfalen	05113	SK Essen	582760.0	Essen, Stadt	210.34	583393.0	41.0	Kreisfreie Stadt	1.0	kreisfreie Großstadt	1.0	Städtischer Raum	1.0	sehr zentral	1.0	Städtische Region	1.0	Westdeutschland	1
5.0	Nordrhein-Westfalen	05114	SK Krefeld	227417.0	Krefeld, Stadt	137.77	226699.0	41.0	Kreisfreie Stadt	1.0	kreisfreie Großstadt	1.0	Städtischer Raum	1.0	sehr zentral	1.0	Städtische Region	1.0	Westdeutschland	1
5.0	Nordrhein-Westfalen	05116	SK Mönchengladbach	261034.0	Mönchengladbach, Stadt	170.47	262188.0	41.0	Kreisfreie Stadt	1.0	kreisfreie Großstadt	1.0	Städtischer Raum	1.0	sehr zentral	1.0	Städtische Region	1.0	Westdeutschland	1
5.0	Nordrhein-Westfalen	05117	SK Mülheim a.d.Ruhr	170632.0	Mülheim an der Ruhr, Stadt	91.28	171265.0	41.0	Kreisfreie Stadt	1.0	kreisfreie Großstadt	1.0	Städtischer Raum	1.0	sehr zentral	1.0	Städtische Region	1.0	Westdeutschland	1
5.0	Nordrhein-Westfalen	05119	SK Oberhausen	210764.0	Oberhausen, Stadt	77.09	211422.0	41.0	Kreisfreie Stadt	1.0	kreisfreie Großstadt	1.0	Städtischer Raum	1.0	sehr zentral	1.0	Städtische Region	1.0	Westdeutschland	1
5.0	Nordrhein-Westfalen	05120	SK Remscheid	111338.0	Remscheid, Stadt	74.52	110584.0	41.0	Kreisfreie Stadt	1.0	kreisfreie Großstadt	1.0	Städtischer Raum	1.0	sehr zentral	1.0	Städtische Region	1.0	Westdeutschland	1
5.0	Nordrhein-Westfalen	05122	SK Solingen	159245.0	Solingen, Stadt	89.54	158803.0	41.0	Kreisfreie Stadt	1.0	kreisfreie Großstadt	1.0	Städtischer Raum	1.0	sehr zentral	1.0	Städtische Region	1.0	Westdeutschland	1
5.0	Nordrhein-Westfalen	05124	SK Wuppertal	355100.0	Wuppertal, Stadt	168.39	353590.0	41.0	Kreisfreie Stadt	1.0	kreisfreie Großstadt	1.0	Städtischer Raum	1.0	sehr zentral	1.0	Städtische Region	1.0	Westdeutschland	1
5.0	Nordrhein-Westfalen	05154	LK Kleve	312465.0	Kleve	1233.0	311270.0	43.0	Kreis	2.0	Städtischer Kreis	1.0	Städtischer Raum	1.0	sehr zentral	1.0	Städtische Region	1.0	Westdeutschland	1
5.0	Nordrhein-Westfalen	05158	LK Mettmann	485570.0	Mettmann	407.21	485409.0	43.0	Kreis	2.0	Städtischer Kreis	1.0	Städtischer Raum	1.0	sehr zentral	1.0	Städtische Region	1.0	Westdeutschland	1
5.0	Nordrhein-Westfalen	05162	LK Rhein-Kreis Neuss	451730.0	Rhein-Kreis Neuss	576.42	449408.0	43.0	Kreis	2.0	Städtischer Kreis	1.0	Städtischer Raum	1.0	sehr zentral	1.0	Städtische Region	1.0	Westdeutschland	1
5.0	Nordrhein-Westfalen	05166	LK Viersen	298863.0	Viersen	563.27	298733.0	43.0	Kreis	2.0	Städtischer Kreis	1.0	Städtischer Raum	1.0	sehr zentral	1.0	Städtische Region	1.0	Westdeutschland	1
5.0	Nordrhein-Westfalen	05170	LK Wesel	459976.0	Wesel	1042.81	460666.0	43.0	Kreis	2.0	Städtischer Kreis	1.0	Städtischer Raum	1.0	sehr zentral	1.0	Städtische Region	1.0	Westdeutschland	1
5.0	Nordrhein-Westfalen	05314	SK Bonn	329673.0	Bonn, Stadt	141.06	325490.0	41.0	Kreisfreie Stadt	1.0	kreisfreie Großstadt	1.0	Städtischer Raum	1.0	sehr zentral	1.0	Städtische Region	1.0	Westdeutschland	1
5.0	Nordrhein-Westfalen	05315	SK Köln	1087863.0	Köln, Stadt	405.02	1080394.0	41.0	Kreisfreie Stadt	1.0	kreisfreie Großstadt	1.0	Städtischer Raum	1.0	sehr zentral	1.0	Städtische Region	1.0	Westdeutschland	1
5.0	Nordrhein-Westfalen	05316	SK Leverkusen	163729.0	Leverkusen, Stadt	78.87	163577.0	41.0	Kreisfreie Stadt	1.0	kreisfreie Großstadt	1.0	Städtischer Raum	1.0	sehr zentral	1.0	Städtische Region	1.0	Westdeutschland	1
5.0	Nordrhein-Westfalen	05334	StädteRegion Aachen	557026.0	Städteregion Aachen	706.84	554068.0	43.0	Kreis	2.0	Städtischer Kreis	1.0	Städtischer Raum	1.0	sehr zentral	1.0	Städtische Region	1.0	Westdeutschland	1
5.0	Nordrhein-Westfalen	05358	LK Düren	264638.0	Düren	941.78	262889.0	43.0	Kreis	2.0	Städtischer Kreis	1.0	Städtischer Raum	1.0	sehr zentral	1.0	Städtische Region	1.0	Westdeutschland	1
5.0	Nordrhein-Westfalen	05362	LK Rhein-Erft-Kreis	470615.0	Rhein-Erft-Kreis	704.7	467209.0	43.0	Kreis	2.0	Städtischer Kreis	1.0	Städtischer Raum	1.0	sehr zentral	1.0	Städtische Region	1.0	Westdeutschland	1
5.0	Nordrhein-Westfalen	05366	LK Euskirchen	193656.0	Euskirchen	1248.72	192127.0	43.0	Kreis	2.0	Städtischer Kreis	1.0	Städtischer Raum	1.0	sehr zentral	1.0	Städtische Region	1.0	Westdeutschland	1
5.0	Nordrhein-Westfalen	05370	LK Heinsberg	255555.0	Heinsberg	627.99	253106.0	43.0	Kreis	2.0	Städtischer Kreis	1.0	Städtischer Raum	1.0	sehr zentral	1.0	Städtische Region	1.0	Westdeutschland	1
5.0	Nordrhein-Westfalen	05374	LK Oberbergischer Kreis	272057.0	Oberbergischer Kreis	918.84	272968.0	43.0	Kreis	2.0	Städtischer Kreis	1.0	Städtischer Raum	1.0	sehr zentral	1.0	Städtische Region	1.0	Westdeutschland	1
5.0	Nordrhein-Westfalen	05378	LK Rheinisch-Bergischer Kreis	283271.0	Rheinisch-Bergischer Kreis	437.32	283344.0	43.0	Kreis	2.0	Städtischer Kreis	1.0	Städtischer Raum	1.0	sehr zentral	1.0	Städtische Region	1.0	Westdeutschland	1
5.0	Nordrhein-Westfalen	05382	LK Rhein-Sieg-Kreis	600764.0	Rhein-Sieg-Kreis	1153.21	599056.0	43.0	Kreis	2.0	Städtischer Kreis	1.0	Städtischer Raum	1.0	sehr zentral	1.0	Städtische Region	1.0	Westdeutschland	1
5.0	Nordrhein-Westfalen	05512	SK Bottrop	117565.0	Bottrop, Stadt	100.61	117364.0	41.0	Kreisfreie Stadt	1.0	kreisfreie Großstadt	1.0	Städtischer Raum	1.0	sehr zentral	1.0	Städtische Region	1.0	Westdeutschland	1
5.0	Nordrhein-Westfalen	05513	SK Gelsenkirchen	259645.0	Gelsenkirchen, Stadt	104.94	260305.0	41.0	Kreisfreie Stadt	1.0	kreisfreie Großstadt	1.0	Städtischer Raum	1.0	sehr zentral	1.0	Städtische Region	1.0	Westdeutschland	1
5.0	Nordrhein-Westfalen	05515	SK Münster	315293.0	Münster, Stadt	303.28	313559.0	41.0	Kreisfreie Stadt	1.0	kreisfreie Großstadt	1.0	Städtischer Raum	1.0	sehr zentral	2.0	Region mit Verstädterungsansätzen	1.0	Westdeutschland	1
5.0	Nordrhein-Westfalen	05554	LK Borken	371339.0	Borken	1420.96	369718.0	43.0	Kreis	2.0	Städtischer Kreis	1.0	Städtischer Raum	1.0	sehr zentral	2.0	Region mit Verstädterungsansätzen	1.0	Westdeutschland	1
5.0	Nordrhein-Westfalen	05558	LK Coesfeld	220586.0	Coesfeld	1112.03	219360.0	43.0	Kreis	2.0	Städtischer Kreis	1.0	Städtischer Raum	1.0	sehr zentral	2.0	Region mit Verstädterungsansätzen	1.0	Westdeutschland	1
5.0	Nordrhein-Westfalen	05562	LK Recklinghausen	614137.0	Recklinghausen	761.32	616824.0	43.0	Kreis	2.0	Städtischer Kreis	1.0	Städtischer Raum	1.0	sehr zentral	1.0	Städtische Region	1.0	Westdeutschland	1
5.0	Nordrhein-Westfalen	05566	LK Steinfurt	448220.0	Steinfurt	1795.76	446565.0	43.0	Kreis	2.0	Städtischer Kreis	1.0	Städtischer Raum	2.0	zentral	2.0	Region mit Verstädterungsansätzen	1.0	Westdeutschland	1
5.0	Nordrhein-Westfalen	05570	LK Warendorf	277840.0	Warendorf	1319.42	277458.0	43.0	Kreis	2.0	Städtischer Kreis	1.0	Städtischer Raum	2.0	zentral	2.0	Region mit Verstädterungsansätzen	1.0	Westdeutschland	1
5.0	Nordrhein-Westfalen	05711	SK Bielefeld	334195.0	Bielefeld, Stadt	258.82	332552.0	41.0	Kreisfreie Stadt	1.0	kreisfreie Großstadt	1.0	Städtischer Raum	1.0	sehr zentral	1.0	Städtische Region	1.0	Westdeutschland	1
5.0	Nordrhein-Westfalen	05754	LK Gütersloh	364938.0	Gütersloh	969.21	363049.0	43.0	Kreis	2.0	Städtischer Kreis	1.0	Städtischer Raum	1.0	sehr zentral	1.0	Städtische Region	1.0	Westdeutschland	1
5.0	Nordrhein-Westfalen	05758	LK Herford	250578.0	Herford	450.41	251539.0	43.0	Kreis	2.0	Städtischer Kreis	1.0	Städtischer Raum	1.0	sehr zentral	1.0	Städtische Region	1.0	Westdeutschland	1
5.0	Nordrhein-Westfalen	05762	LK Höxter	140251.0	Höxter	1201.42	141565.0	43.0	Kreis	3.0	Ländlicher Kreis mit Verdichtungsansätzen	2.0	Ländlicher Raum	3.0	peripher	2.0	Region mit Verstädterungsansätzen	1.0	Westdeutschland	1
5.0	Nordrhein-Westfalen	05766	LK Lippe	347514.0	Lippe	1246.19	349069.0	43.0	Kreis	2.0	Städtischer Kreis	1.0	Städtischer Raum	2.0	zentral	1.0	Städtische Region	1.0	Westdeutschland	1
5.0	Nordrhein-Westfalen	05770	LK Minden-Lübbecke	310409.0	Minden-Lübbecke	1152.41	311207.0	43.0	Kreis	2.0	Städtischer Kreis	1.0	Städtischer Raum	2.0	zentral	1.0	Städtische Region	1.0	Westdeutschland	1
5.0	Nordrhein-Westfalen	05774	LK Paderborn	307839.0	Paderborn	1246.78	305362.0	43.0	Kreis	2.0	Städtischer Kreis	1.0	Städtischer Raum	2.0	zentral	2.0	Region mit Verstädterungsansätzen	1.0	Westdeutschland	1
5.0	Nordrhein-Westfalen	05911	SK Bochum	365587.0	Bochum, Stadt	145.66	365529.0	41.0	Kreisfreie Stadt	1.0	kreisfreie Großstadt	1.0	Städtischer Raum	1.0	sehr zentral	1.0	Städtische Region	1.0	Westdeutschland	1
5.0	Nordrhein-Westfalen	05913	SK Dortmund	588250.0	Dortmund, Stadt	280.71	586600.0	41.0	Kreisfreie Stadt	1.0	kreisfreie Großstadt	1.0	Städtischer Raum	1.0	sehr zentral	1.0	Städtische Region	1.0	Westdeutschland	1
5.0	Nordrhein-Westfalen	05914	SK Hagen	188686.0	Hagen, Stadt	160.45	187730.0	41.0	Kreisfreie Stadt	1.0	kreisfreie Großstadt	1.0	Städtischer Raum	1.0	sehr zentral	1.0	Städtische Region	1.0	Westdeutschland	1
5.0	Nordrhein-Westfalen	05915	SK Hamm	179916.0	Hamm, Stadt	226.43	179185.0	41.0	Kreisfreie Stadt	1.0	kreisfreie Großstadt	1.0	Städtischer Raum	1.0	sehr zentral	1.0	Städtische Region	1.0	Westdeutschland	1
5.0	Nordrhein-Westfalen	05916	SK Herne	156449.0	Herne, Stadt	51.42	156490.0	41.0	Kreisfreie Stadt	1.0	kreisfreie Großstadt	1.0	Städtischer Raum	1.0	sehr zentral	1.0	Städtische Region	1.0	Westdeutschland	1
5.0	Nordrhein-Westfalen	05954	LK Ennepe-Ruhr-Kreis	324106.0	Ennepe-Ruhr-Kreis	409.64	324670.0	43.0	Kreis	2.0	Städtischer Kreis	1.0	Städtischer Raum	1.0	sehr zentral	1.0	Städtische Region	1.0	Westdeutschland	1
5.0	Nordrhein-Westfalen	05958	LK Hochsauerlandkreis	259777.0	Hochsauerlandkreis	1960.15	261591.0	43.0	Kreis	3.0	Ländlicher Kreis mit Verdichtungsansätzen	2.0	Ländlicher Raum	2.0	zentral	2.0	Region mit Verstädterungsansätzen	1.0	Westdeutschland	1
5.0	Nordrhein-Westfalen	05962	LK Märkischer Kreis	410222.0	Märkischer Kreis	1061.08	413383.0	43.0	Kreis	2.0	Städtischer Kreis	1.0	Städtischer Raum	1.0	sehr zentral	1.0	Städtische Region	1.0	Westdeutschland	1
5.0	Nordrhein-Westfalen	05966	LK Olpe	133955.0	Olpe	712.14	134808.0	43.0	Kreis	2.0	Städtischer Kreis	1.0	Städtischer Raum	2.0	zentral	2.0	Region mit Verstädterungsansätzen	1.0	Westdeutschland	1
5.0	Nordrhein-Westfalen	05970	LK Siegen-Wittgenstein	276944.0	Siegen-Wittgenstein	1132.89	277977.0	43.0	Kreis	2.0	Städtischer Kreis	1.0	Städtischer Raum	2.0	zentral	2.0	Region mit Verstädterungsansätzen	1.0	Westdeutschland	1
5.0	Nordrhein-Westfalen	05974	LK Soest	301785.0	Soest	1328.62	301693.0	43.0	Kreis	2.0	Städtischer Kreis	1.0	Städtischer Raum	2.0	zentral	2.0	Region mit Verstädterungsansätzen	1.0	Westdeutschland	1
5.0	Nordrhein-Westfalen	05978	LK Unna	394891.0	Unna	543.21	393934.0	43.0	Kreis	2.0	Städtischer Kreis	1.0	Städtischer Raum	1.0	sehr zentral	1.0	Städtische Region	1.0	Westdeutschland	1
6.0	Hessen	06411	SK Darmstadt	159878.0	Darmstadt, Stadt	122.09	158254.0	41.0	Kreisfreie Stadt	1.0	kreisfreie Großstadt	1.0	Städtischer Raum	1.0	sehr zentral	1.0	Städtische Region	1.0	Westdeutschland	1
6.0	Hessen	06412	SK Frankfurt am Main	763380.0	Frankfurt am Main, Stadt	248.31	746878.0	41.0	Kreisfreie Stadt	1.0	kreisfreie Großstadt	1.0	Städtischer Raum	1.0	sehr zentral	1.0	Städtische Region	1.0	Westdeutschland	1
6.0	Hessen	06413	SK Offenbach	130280.0	Offenbach am Main, Stadt	44.89	126658.0	41.0	Kreisfreie Stadt	1.0	kreisfreie Großstadt	1.0	Städtischer Raum	1.0	sehr zentral	1.0	Städtische Region	1.0	Westdeutschland	1
6.0	Hessen	06414	SK Wiesbaden	278474.0	Wiesbaden, Stadt	203.93	278654.0	41.0	Kreisfreie Stadt	1.0	kreisfreie Großstadt	1.0	Städtischer Raum	1.0	sehr zentral	1.0	Städtische Region	1.0	Westdeutschland	1
6.0	Hessen	06431	LK Bergstraße	270340.0	Bergstraße	719.51	268780.0	44.0	Landkreis	2.0	Städtischer Kreis	1.0	Städtischer Raum	1.0	sehr zentral	1.0	Städtische Region	1.0	Westdeutschland	1
6.0	Hessen	06432	LK Darmstadt-Dieburg	297844.0	Darmstadt-Dieburg	658.63	296048.0	44.0	Landkreis	2.0	Städtischer Kreis	1.0	Städtischer Raum	1.0	sehr zentral	1.0	Städtische Region	1.0	Westdeutschland	1
6.0	Hessen	06433	LK Groß-Gerau	275726.0	Groß-Gerau	453.03	271403.0	44.0	Landkreis	2.0	Städtischer Kreis	1.0	Städtischer Raum	1.0	sehr zentral	1.0	Städtische Region	1.0	Westdeutschland	1
6.0	Hessen	06434	LK Hochtaunuskreis	236914.0	Hochtaunuskreis	482.0	235995.0	44.0	Landkreis	2.0	Städtischer Kreis	1.0	Städtischer Raum	1.0	sehr zentral	1.0	Städtische Region	1.0	Westdeutschland	1
6.0	Hessen	06435	LK Main-Kinzig-Kreis	420552.0	Main-Kinzig-Kreis	1397.55	418208.0	44.0	Landkreis	2.0	Städtischer Kreis	1.0	Städtischer Raum	1.0	sehr zentral	1.0	Städtische Region	1.0	Westdeutschland	1
6.0	Hessen	06436	LK Main-Taunus-Kreis	238558.0	Main-Taunus-Kreis	222.39	236969.0	44.0	Landkreis	2.0	Städtischer Kreis	1.0	Städtischer Raum	1.0	sehr zentral	1.0	Städtische Region	1.0	Westdeutschland	1
6.0	Hessen	06437	LK Odenwaldkreis	96703.0	Odenwaldkreis	623.97	96597.0	44.0	Landkreis	2.0	Städtischer Kreis	1.0	Städtischer Raum	2.0	zentral	1.0	Städtische Region	1.0	Westdeutschland	1
6.0	Hessen	06438	LK Offenbach	355813.0	Offenbach	356.29	351692.0	44.0	Landkreis	2.0	Städtischer Kreis	1.0	Städtischer Raum	1.0	sehr zentral	1.0	Städtische Region	1.0	Westdeutschland	1
6.0	Hessen	06439	LK Rheingau-Taunus-Kreis	187160.0	Rheingau-Taunus-Kreis	811.48	186602.0	44.0	Landkreis	2.0	Städtischer Kreis	1.0	Städtischer Raum	2.0	zentral	1.0	Städtische Region	1.0	Westdeutschland	1
6.0	Hessen	06440	LK Wetteraukreis	308339.0	Wetteraukreis	1100.69	305312.0	44.0	Landkreis	2.0	Städtischer Kreis	1.0	Städtischer Raum	1.0	sehr zentral	1.0	Städtische Region	1.0	Westdeutschland	1
6.0	Hessen	06531	LK Gießen	270688.0	Gießen	854.66	267056.0	44.0	Landkreis	2.0	Städtischer Kreis	1.0	Städtischer Raum	2.0	zentral	3.0	Ländliche Region	1.0	Westdeutschland	1
6.0	Hessen	06532	LK Lahn-Dill-Kreis	253319.0	Lahn-Dill-Kreis	1066.53	254164.0	44.0	Landkreis	2.0	Städtischer Kreis	1.0	Städtischer Raum	2.0	zentral	3.0	Ländliche Region	1.0	Westdeutschland	1
6.0	Hessen	06533	LK Limburg-Weilburg	171912.0	Limburg-Weilburg	738.46	171971.0	44.0	Landkreis	2.0	Städtischer Kreis	1.0	Städtischer Raum	2.0	zentral	3.0	Ländliche Region	1.0	Westdeutschland	1
6.0	Hessen	06534	LK Marburg-Biedenkopf	247084.0	Marburg-Biedenkopf	1262.54	246165.0	44.0	Landkreis	3.0	Ländlicher Kreis mit Verdichtungsansätzen	2.0	Ländlicher Raum	2.0	zentral	3.0	Ländliche Region	1.0	Westdeutschland	1
6.0	Hessen	06535	LK Vogelsbergkreis	105643.0	Vogelsbergkreis	1458.99	106451.0	44.0	Landkreis	4.0	Dünn besiedelter ländlicher Kreis	2.0	Ländlicher Raum	3.0	peripher	3.0	Ländliche Region	1.0	Westdeutschland	1
6.0	Hessen	06611	SK Kassel	202137.0	Kassel, Stadt	106.78	200736.0	41.0	Kreisfreie Stadt	1.0	kreisfreie Großstadt	1.0	Städtischer Raum	2.0	zentral	2.0	Region mit Verstädterungsansätzen	1.0	Westdeutschland	1
6.0	Hessen	06631	LK Fulda	223145.0	Fulda	1380.48	221783.0	44.0	Landkreis	3.0	Ländlicher Kreis mit Verdichtungsansätzen	2.0	Ländlicher Raum	3.0	peripher	3.0	Ländliche Region	1.0	Westdeutschland	1
6.0	Hessen	06632	LK Hersfeld-Rotenburg	120719.0	Hersfeld-Rotenburg	1097.09	121101.0	44.0	Landkreis	4.0	Dünn besiedelter ländlicher Kreis	2.0	Ländlicher Raum	3.0	peripher	3.0	Ländliche Region	1.0	Westdeutschland	1
6.0	Hessen	06633	LK Kassel	236764.0	Kassel	1292.92	236674.0	44.0	Landkreis	2.0	Städtischer Kreis	1.0	Städtischer Raum	2.0	zentral	2.0	Region mit Verstädterungsansätzen	1.0	Westdeutschland	1
6.0	Hessen	06634	LK Schwalm-Eder-Kreis	179673.0	Schwalm-Eder-Kreis	1538.49	180754.0	44.0	Landkreis	3.0	Ländlicher Kreis mit Verdichtungsansätzen	2.0	Ländlicher Raum	3.0	peripher	2.0	Region mit Verstädterungsansätzen	1.0	Westdeutschland	1
6.0	Hessen	06635	LK Waldeck-Frankenberg	156406.0	Waldeck-Frankenberg	1848.44	157256.0	44.0	Landkreis	4.0	Dünn besiedelter ländlicher Kreis	2.0	Ländlicher Raum	3.0	peripher	2.0	Region mit Verstädterungsansätzen	1.0	Westdeutschland	1
6.0	Hessen	06636	LK Werra-Meißner-Kreis	100629.0	Werra-Meißner-Kreis	1024.69	101101.0	44.0	Landkreis	4.0	Dünn besiedelter ländlicher Kreis	2.0	Ländlicher Raum	3.0	peripher	2.0	Region mit Verstädterungsansätzen	1.0	Westdeutschland	1
7.0	Rheinland-Pfalz	07111	SK Koblenz	114052.0	Koblenz, Stadt	105.25	113844.0	41.0	Kreisfreie Stadt	1.0	kreisfreie Großstadt	1.0	Städtischer Raum	2.0	zentral	2.0	Region mit Verstädterungsansätzen	1.0	Westdeutschland	1
7.0	Rheinland-Pfalz	07131	LK Ahrweiler	130086.0	Ahrweiler	787.02	128914.0	44.0	Landkreis	3.0	Ländlicher Kreis mit Verdichtungsansätzen	2.0	Ländlicher Raum	2.0	zentral	2.0	Region mit Verstädterungsansätzen	1.0	Westdeutschland	1
7.0	Rheinland-Pfalz	07132	LK Altenkirchen	128805.0	Altenkirchen (Westerwald)	642.37	128791.0	44.0	Landkreis	2.0	Städtischer Kreis	1.0	Städtischer Raum	2.0	zentral	2.0	Region mit Verstädterungsansätzen	1.0	Westdeutschland	1
7.0	Rheinland-Pfalz	07133	LK Bad Kreuznach	158345.0	Bad Kreuznach	863.89	157549.0	44.0	Landkreis	3.0	Ländlicher Kreis mit Verdichtungsansätzen	2.0	Ländlicher Raum	2.0	zentral	2.0	Region mit Verstädterungsansätzen	1.0	Westdeutschland	1
7.0	Rheinland-Pfalz	07134	LK Birkenfeld	80951.0	Birkenfeld	776.83	80728.0	44.0	Landkreis	4.0	Dünn besiedelter ländlicher Kreis	2.0	Ländlicher Raum	3.0	peripher	2.0	Region mit Verstädterungsansätzen	1.0	Westdeutschland	1
7.0	Rheinland-Pfalz	07135	LK Cochem-Zell	61375.0	Cochem-Zell	692.46	61662.0	44.0	Landkreis	4.0	Dünn besiedelter ländlicher Kreis	2.0	Ländlicher Raum	3.0	peripher	2.0	Region mit Verstädterungsansätzen	1.0	Westdeutschland	1
7.0	Rheinland-Pfalz	07137	LK Mayen-Koblenz	214434.0	Mayen-Koblenz	817.69	213554.0	44.0	Landkreis	2.0	Städtischer Kreis	1.0	Städtischer Raum	2.0	zentral	2.0	Region mit Verstädterungsansätzen	1.0	Westdeutschland	1
7.0	Rheinland-Pfalz	07138	LK Neuwied	182811.0	Neuwied	627.04	181655.0	44.0	Landkreis	2.0	Städtischer Kreis	1.0	Städtischer Raum	2.0	zentral	2.0	Region mit Verstädterungsansätzen	1.0	Westdeutschland	1
7.0	Rheinland-Pfalz	07140	LK Rhein-Hunsrück-Kreis	103163.0	Rhein-Hunsrück-Kreis	991.07	102938.0	44.0	Landkreis	3.0	Ländlicher Kreis mit Verdichtungsansätzen	2.0	Ländlicher Raum	3.0	peripher	2.0	Region mit Verstädterungsansätzen	1.0	Westdeutschland	1
7.0	Rheinland-Pfalz	07141	LK Rhein-Lahn-Kreis	122297.0	Rhein-Lahn-Kreis	782.19	122381.0	44.0	Landkreis	2.0	Städtischer Kreis	1.0	Städtischer Raum	2.0	zentral	2.0	Region mit Verstädterungsansätzen	1.0	Westdeutschland	1
7.0	Rheinland-Pfalz	07143	LK Westerwaldkreis	201904.0	Westerwaldkreis	989.06	201039.0	44.0	Landkreis	2.0	Städtischer Kreis	1.0	Städtischer Raum	2.0	zentral	2.0	Region mit Verstädterungsansätzen	1.0	Westdeutschland	1
7.0	Rheinland-Pfalz	07211	SK Trier	111528.0	Trier, Stadt	117.06	110013.0	41.0	Kreisfreie Stadt	1.0	kreisfreie Großstadt	1.0	Städtischer Raum	2.0	zentral	3.0	Ländliche Region	1.0	Westdeutschland	1
7.0	Rheinland-Pfalz	07231	LK Bernkastel-Wittlich	112483.0	Bernkastel-Wittlich	1167.93	112134.0	44.0	Landkreis	4.0	Dünn besiedelter ländlicher Kreis	2.0	Ländlicher Raum	3.0	peripher	3.0	Ländliche Region	1.0	Westdeutschland	1
7.0	Rheinland-Pfalz	07232	LK Bitburg-Prüm	99058.0	Eifelkreis Bitburg-Prüm	1626.96	98213.0	44.0	Landkreis	4.0	Dünn besiedelter ländlicher Kreis	2.0	Ländlicher Raum	3.0	peripher	3.0	Ländliche Region	1.0	Westdeutschland	1
7.0	Rheinland-Pfalz	07233	LK Vulkaneifel	60646.0	Vulkaneifel	911.65	60705.0	44.0	Landkreis	4.0	Dünn besiedelter ländlicher Kreis	2.0	Ländlicher Raum	3.0	peripher	3.0	Ländliche Region	1.0	Westdeutschland	1
7.0	Rheinland-Pfalz	07235	LK Trier-Saarburg	149398.0	Trier-Saarburg	1102.19	148532.0	44.0	Landkreis	3.0	Ländlicher Kreis mit Verdichtungsansätzen	2.0	Ländlicher Raum	3.0	peripher	3.0	Ländliche Region	1.0	Westdeutschland	1
7.0	Rheinland-Pfalz	07311	SK Frankenthal	48762.0	Frankenthal (Pfalz), Stadt	43.88	48417.0	41.0	Kreisfreie Stadt	2.0	Städtischer Kreis	1.0	Städtischer Raum	1.0	sehr zentral	1.0	Städtische Region	1.0	Westdeutschland	1
7.0	Rheinland-Pfalz	07312	SK Kaiserslautern	100030.0	Kaiserslautern, Stadt	139.7	99684.0	41.0	Kreisfreie Stadt	2.0	Städtischer Kreis	1.0	Städtischer Raum	2.0	zentral	2.0	Region mit Verstädterungsansätzen	1.0	Westdeutschland	1
7.0	Rheinland-Pfalz	07313	SK Landau i.d.Pfalz	46881.0	Landau in der Pfalz, Stadt	82.94	46292.0	41.0	Kreisfreie Stadt	2.0	Städtischer Kreis	1.0	Städtischer Raum	1.0	sehr zentral	1.0	Städtische Region	1.0	Westdeutschland	1
7.0	Rheinland-Pfalz	07314	SK Ludwigshafen	172253.0	Ludwigshafen am Rhein, Stadt	77.43	168497.0	41.0	Kreisfreie Stadt	1.0	kreisfreie Großstadt	1.0	Städtischer Raum	1.0	sehr zentral	1.0	Städtische Region	1.0	Westdeutschland	1
7.0	Rheinland-Pfalz	07315	SK Mainz	218578.0	Mainz, Stadt	97.73	215110.0	41.0	Kreisfreie Stadt	1.0	kreisfreie Großstadt	1.0	Städtischer Raum	1.0	sehr zentral	2.0	Region mit Verstädterungsansätzen	1.0	Westdeutschland	1
7.0	Rheinland-Pfalz	07316	SK Neustadt a.d.Weinstraße	53264.0	Neustadt an der Weinstraße, Stadt	117.09	53353.0	41.0	Kreisfreie Stadt	2.0	Städtischer Kreis	1.0	Städtischer Raum	1.0	sehr zentral	1.0	Städtische Region	1.0	Westdeutschland	1
7.0	Rheinland-Pfalz	07317	SK Pirmasens	40231.0	Pirmasens, Stadt	61.36	40632.0	41.0	Kreisfreie Stadt	3.0	Ländlicher Kreis mit Verdichtungsansätzen	2.0	Ländlicher Raum	2.0	zentral	2.0	Region mit Verstädterungsansätzen	1.0	Westdeutschland	1
7.0	Rheinland-Pfalz	07318	SK Speyer	50561.0	Speyer, Stadt	42.71	50931.0	41.0	Kreisfreie Stadt	2.0	Städtischer Kreis	1.0	Städtischer Raum	1.0	sehr zentral	1.0	Städtische Region	1.0	Westdeutschland	1
7.0	Rheinland-Pfalz	07319	SK Worms	83542.0	Worms, Stadt	108.73	83081.0	41.0	Kreisfreie Stadt	2.0	Städtischer Kreis	1.0	Städtischer Raum	1.0	sehr zentral	2.0	Region mit Verstädterungsansätzen	1.0	Westdeutschland	1
7.0	Rheinland-Pfalz	07320	SK Zweibrücken	34193.0	Zweibrücken, Stadt	70.64	34270.0	41.0	Kreisfreie Stadt	3.0	Ländlicher Kreis mit Verdichtungsansätzen	2.0	Ländlicher Raum	2.0	zentral	2.0	Region mit Verstädterungsansätzen	1.0	Westdeutschland	1
7.0	Rheinland-Pfalz	07331	LK Alzey-Worms	129687.0	Alzey-Worms	588.07	128519.0	44.0	Landkreis	2.0	Städtischer Kreis	1.0	Städtischer Raum	1.0	sehr zentral	2.0	Region mit Verstädterungsansätzen	1.0	Westdeutschland	1
7.0	Rheinland-Pfalz	07332	LK Bad Dürkheim	132671.0	Bad Dürkheim	594.61	132739.0	44.0	Landkreis	2.0	Städtischer Kreis	1.0	Städtischer Raum	1.0	sehr zentral	1.0	Städtische Region	1.0	Westdeutschland	1
7.0	Rheinland-Pfalz	07333	LK Donnersbergkreis	75325.0	Donnersbergkreis	645.43	75102.0	44.0	Landkreis	3.0	Ländlicher Kreis mit Verdichtungsansätzen	2.0	Ländlicher Raum	2.0	zentral	2.0	Region mit Verstädterungsansätzen	1.0	Westdeutschland	1
7.0	Rheinland-Pfalz	07334	LK Germersheim	129013.0	Germersheim	463.32	128477.0	44.0	Landkreis	2.0	Städtischer Kreis	1.0	Städtischer Raum	2.0	zentral	1.0	Städtische Region	1.0	Westdeutschland	1
7.0	Rheinland-Pfalz	07335	LK Kaiserslautern	105979.0	Kaiserslautern	639.98	105649.0	44.0	Landkreis	2.0	Städtischer Kreis	1.0	Städtischer Raum	2.0	zentral	2.0	Region mit Verstädterungsansätzen	1.0	Westdeutschland	1
7.0	Rheinland-Pfalz	07336	LK Kusel	70219.0	Kusel	573.58	70764.0	44.0	Landkreis	3.0	Ländlicher Kreis mit Verdichtungsansätzen	2.0	Ländlicher Raum	2.0	zentral	2.0	Region mit Verstädterungsansätzen	1.0	Westdeutschland	1
7.0	Rheinland-Pfalz	07337	LK Südliche Weinstraße	110521.0	Südliche Weinstraße	639.97	110622.0	44.0	Landkreis	2.0	Städtischer Kreis	1.0	Städtischer Raum	2.0	zentral	1.0	Städtische Region	1.0	Westdeutschland	1
7.0	Rheinland-Pfalz	07338	LK Rhein-Pfalz-Kreis	154609.0	Rhein-Pfalz-Kreis	304.99	153629.0	44.0	Landkreis	2.0	Städtischer Kreis	1.0	Städtischer Raum	1.0	sehr zentral	1.0	Städtische Region	1.0	Westdeutschland	1
7.0	Rheinland-Pfalz	07339	LK Mainz-Bingen	211417.0	Mainz-Bingen	605.37	209785.0	44.0	Landkreis	2.0	Städtischer Kreis	1.0	Städtischer Raum	1.0	sehr zentral	2.0	Region mit Verstädterungsansätzen	1.0	Westdeutschland	1
7.0	Rheinland-Pfalz	07340	LK Südwestpfalz	94831.0	Südwestpfalz	953.56	95474.0	44.0	Landkreis	3.0	Ländlicher Kreis mit Verdichtungsansätzen	2.0	Ländlicher Raum	2.0	zentral	2.0	Region mit Verstädterungsansätzen	1.0	Westdeutschland	1
8.0	Baden-Württemberg	08111	SK Stuttgart	635911.0	Stuttgart, Stadt	207.33	632743.0	42.0	Stadtkreis	1.0	kreisfreie Großstadt	1.0	Städtischer Raum	1.0	sehr zentral	1.0	Städtische Region	1.0	Westdeutschland	1
8.0	Baden-Württemberg	08115	LK Böblingen	392807.0	Böblingen	617.79	389548.0	44.0	Landkreis	2.0	Städtischer Kreis	1.0	Städtischer Raum	1.0	sehr zentral	1.0	Städtische Region	1.0	Westdeutschland	1
8.0	Baden-Württemberg	08116	LK Esslingen	535024.0	Esslingen	641.28	532447.0	44.0	Landkreis	2.0	Städtischer Kreis	1.0	Städtischer Raum	1.0	sehr zentral	1.0	Städtische Region	1.0	Westdeutschland	1
8.0	Baden-Württemberg	08117	LK Göppingen	258145.0	Göppingen	642.33	256345.0	44.0	Landkreis	2.0	Städtischer Kreis	1.0	Städtischer Raum	2.0	zentral	1.0	Städtische Region	1.0	Westdeutschland	1
8.0	Baden-Württemberg	08118	LK Ludwigsburg	545423.0	Ludwigsburg	686.75	542630.0	44.0	Landkreis	2.0	Städtischer Kreis	1.0	Städtischer Raum	1.0	sehr zentral	1.0	Städtische Region	1.0	Westdeutschland	1
8.0	Baden-Württemberg	08119	LK Rems-Murr-Kreis	427248.0	Rems-Murr-Kreis	858.09	424878.0	44.0	Landkreis	2.0	Städtischer Kreis	1.0	Städtischer Raum	1.0	sehr zentral	1.0	Städtische Region	1.0	Westdeutschland	1
8.0	Baden-Württemberg	08121	SK Heilbronn	126592.0	Heilbronn, Stadt	99.89	125113.0	42.0	Stadtkreis	1.0	kreisfreie Großstadt	1.0	Städtischer Raum	1.0	sehr zentral	2.0	Region mit Verstädterungsansätzen	1.0	Westdeutschland	1
8.0	Baden-Württemberg	08125	LK Heilbronn	344456.0	Heilbronn	1099.94	340772.0	44.0	Landkreis	2.0	Städtischer Kreis	1.0	Städtischer Raum	2.0	zentral	2.0	Region mit Verstädterungsansätzen	1.0	Westdeutschland	1
8.0	Baden-Württemberg	08126	LK Hohenlohekreis	112655.0	Hohenlohekreis	776.76	111392.0	44.0	Landkreis	3.0	Ländlicher Kreis mit Verdichtungsansätzen	2.0	Ländlicher Raum	2.0	zentral	2.0	Region mit Verstädterungsansätzen	1.0	Westdeutschland	1
8.0	Baden-Württemberg	08127	LK Schwäbisch Hall	196761.0	Schwäbisch Hall	1484.07	194203.0	44.0	Landkreis	3.0	Ländlicher Kreis mit Verdichtungsansätzen	2.0	Ländlicher Raum	3.0	peripher	2.0	Region mit Verstädterungsansätzen	1.0	Westdeutschland	1
8.0	Baden-Württemberg	08128	LK Main-Tauber-Kreis	132399.0	Main-Tauber-Kreis	1304.13	132189.0	44.0	Landkreis	4.0	Dünn besiedelter ländlicher Kreis	2.0	Ländlicher Raum	3.0	peripher	2.0	Region mit Verstädterungsansätzen	1.0	Westdeutschland	1
8.0	Baden-Württemberg	08135	LK Heidenheim	132777.0	Heidenheim	627.11	132006.0	44.0	Landkreis	2.0	Städtischer Kreis	1.0	Städtischer Raum	2.0	zentral	2.0	Region mit Verstädterungsansätzen	1.0	Westdeutschland	1
8.0	Baden-Württemberg	08136	LK Ostalbkreis	314025.0	Ostalbkreis	1511.36	312422.0	44.0	Landkreis	2.0	Städtischer Kreis	1.0	Städtischer Raum	2.0	zentral	2.0	Region mit Verstädterungsansätzen	1.0	Westdeutschland	1
8.0	Baden-Württemberg	08211	SK Baden-Baden	55185.0	Baden-Baden, Stadt	140.19	54718.0	42.0	Stadtkreis	2.0	Städtischer Kreis	1.0	Städtischer Raum	2.0	zentral	1.0	Städtische Region	1.0	Westdeutschland	1
8.0	Baden-Württemberg	08212	SK Karlsruhe	312060.0	Karlsruhe, Stadt	173.42	311919.0	42.0	Stadtkreis	1.0	kreisfreie Großstadt	1.0	Städtischer Raum	1.0	sehr zentral	1.0	Städtische Region	1.0	Westdeutschland	1
8.0	Baden-Württemberg	08215	LK Karlsruhe	445101.0	Karlsruhe	1085.27	442673.0	44.0	Landkreis	2.0	Städtischer Kreis	1.0	Städtischer Raum	1.0	sehr zentral	1.0	Städtische Region	1.0	Westdeutschland	1
8.0	Baden-Württemberg	08216	LK Rastatt	231420.0	Rastatt	738.42	230216.0	44.0	Landkreis	2.0	Städtischer Kreis	1.0	Städtischer Raum	2.0	zentral	1.0	Städtische Region	1.0	Westdeutschland	1
8.0	Baden-Württemberg	08221	SK Heidelberg	161485.0	Heidelberg, Stadt	108.89	160601.0	42.0	Stadtkreis	1.0	kreisfreie Großstadt	1.0	Städtischer Raum	1.0	sehr zentral	1.0	Städtische Region	1.0	Westdeutschland	1
8.0	Baden-Württemberg	08222	SK Mannheim	310658.0	Mannheim, Stadt	144.97	307997.0	42.0	Stadtkreis	1.0	kreisfreie Großstadt	1.0	Städtischer Raum	1.0	sehr zentral	1.0	Städtische Region	1.0	Westdeutschland	1
8.0	Baden-Württemberg	08225	LK Neckar-Odenwald-Kreis	143633.0	Neckar-Odenwald-Kreis	1125.95	143376.0	44.0	Landkreis	3.0	Ländlicher Kreis mit Verdichtungsansätzen	2.0	Ländlicher Raum	3.0	peripher	1.0	Städtische Region	1.0	Westdeutschland	1
8.0	Baden-Württemberg	08226	LK Rhein-Neckar-Kreis	548355.0	Rhein-Neckar-Kreis	1061.54	546745.0	44.0	Landkreis	2.0	Städtischer Kreis	1.0	Städtischer Raum	1.0	sehr zentral	1.0	Städtische Region	1.0	Westdeutschland	1
8.0	Baden-Württemberg	08231	SK Pforzheim	125957.0	Pforzheim, Stadt	98.07	124289.0	42.0	Stadtkreis	1.0	kreisfreie Großstadt	1.0	Städtischer Raum	1.0	sehr zentral	2.0	Region mit Verstädterungsansätzen	1.0	Westdeutschland	1
8.0	Baden-Württemberg	08235	LK Calw	159201.0	Calw	797.31	157424.0	44.0	Landkreis	2.0	Städtischer Kreis	1.0	Städtischer Raum	2.0	zentral	2.0	Region mit Verstädterungsansätzen	1.0	Westdeutschland	1
8.0	Baden-Württemberg	08236	LK Enzkreis	199556.0	Enzkreis	573.62	198369.0	44.0	Landkreis	2.0	Städtischer Kreis	1.0	Städtischer Raum	2.0	zentral	2.0	Region mit Verstädterungsansätzen	1.0	Westdeutschland	1
8.0	Baden-Württemberg	08237	LK Freudenstadt	118243.0	Freudenstadt	870.39	117456.0	44.0	Landkreis	3.0	Ländlicher Kreis mit Verdichtungsansätzen	2.0	Ländlicher Raum	3.0	peripher	2.0	Region mit Verstädterungsansätzen	1.0	Westdeutschland	1
8.0	Baden-Württemberg	08311	SK Freiburg i.Breisgau	231195.0	Freiburg im Breisgau, Stadt	153.04	229636.0	42.0	Stadtkreis	1.0	kreisfreie Großstadt	1.0	Städtischer Raum	1.0	sehr zentral	2.0	Region mit Verstädterungsansätzen	1.0	Westdeutschland	1
8.0	Baden-Württemberg	08315	LK Breisgau-Hochschwarzwald	263601.0	Breisgau-Hochschwarzwald	1378.31	262405.0	44.0	Landkreis	2.0	Städtischer Kreis	1.0	Städtischer Raum	2.0	zentral	2.0	Region mit Verstädterungsansätzen	1.0	Westdeutschland	1
8.0	Baden-Württemberg	08316	LK Emmendingen	166408.0	Emmendingen	679.79	164712.0	44.0	Landkreis	2.0	Städtischer Kreis	1.0	Städtischer Raum	2.0	zentral	2.0	Region mit Verstädterungsansätzen	1.0	Westdeutschland	1
8.0	Baden-Württemberg	08317	LK Ortenaukreis	430953.0	Ortenaukreis	1860.29	425932.0	44.0	Landkreis	2.0	Städtischer Kreis	1.0	Städtischer Raum	2.0	zentral	2.0	Region mit Verstädterungsansätzen	1.0	Westdeutschland	1
8.0	Baden-Württemberg	08325	LK Rottweil	139878.0	Rottweil	769.44	138858.0	44.0	Landkreis	2.0	Städtischer Kreis	1.0	Städtischer Raum	2.0	zentral	2.0	Region mit Verstädterungsansätzen	1.0	Westdeutschland	1
8.0	Baden-Württemberg	08326	LK Schwarzwald-Baar-Kreis	212506.0	Schwarzwald-Baar-Kreis	1025.34	211207.0	44.0	Landkreis	2.0	Städtischer Kreis	1.0	Städtischer Raum	2.0	zentral	2.0	Region mit Verstädterungsansätzen	1.0	Westdeutschland	1
8.0	Baden-Württemberg	08327	LK Tuttlingen	140766.0	Tuttlingen	734.35	139397.0	44.0	Landkreis	2.0	Städtischer Kreis	1.0	Städtischer Raum	3.0	peripher	2.0	Region mit Verstädterungsansätzen	1.0	Westdeutschland	1
8.0	Baden-Württemberg	08335	LK Konstanz	286305.0	Konstanz	817.97	284015.0	44.0	Landkreis	2.0	Städtischer Kreis	1.0	Städtischer Raum	2.0	zentral	2.0	Region mit Verstädterungsansätzen	1.0	Westdeutschland	1
8.0	Baden-Württemberg	08336	LK Lörrach	228736.0	Lörrach	806.72	228314.0	44.0	Landkreis	2.0	Städtischer Kreis	1.0	Städtischer Raum	2.0	zentral	2.0	Region mit Verstädterungsansätzen	1.0	Westdeutschland	1
8.0	Baden-Württemberg	08337	LK Waldshut	171003.0	Waldshut	1131.1	170198.0	44.0	Landkreis	3.0	Ländlicher Kreis mit Verdichtungsansätzen	2.0	Ländlicher Raum	2.0	zentral	2.0	Region mit Verstädterungsansätzen	1.0	Westdeutschland	1
8.0	Baden-Württemberg	08415	LK Reutlingen	287034.0	Reutlingen	1092.46	285754.0	44.0	Landkreis	2.0	Städtischer Kreis	1.0	Städtischer Raum	2.0	zentral	2.0	Region mit Verstädterungsansätzen	1.0	Westdeutschland	1
8.0	Baden-Württemberg	08416	LK Tübingen	228678.0	Tübingen	519.14	225755.0	44.0	Landkreis	2.0	Städtischer Kreis	1.0	Städtischer Raum	2.0	zentral	2.0	Region mit Verstädterungsansätzen	1.0	Westdeutschland	1
8.0	Baden-Württemberg	08417	LK Zollernalbkreis	189363.0	Zollernalbkreis	917.56	188170.0	44.0	Landkreis	2.0	Städtischer Kreis	1.0	Städtischer Raum	3.0	peripher	2.0	Region mit Verstädterungsansätzen	1.0	Westdeutschland	1
8.0	Baden-Württemberg	08421	SK Ulm	126790.0	Ulm, Stadt	118.68	125596.0	42.0	Stadtkreis	1.0	kreisfreie Großstadt	1.0	Städtischer Raum	2.0	zentral	2.0	Region mit Verstädterungsansätzen	1.0	Westdeutschland	1
8.0	Baden-Württemberg	08425	LK Alb-Donau-Kreis	197076.0	Alb-Donau-Kreis	1358.54	194629.0	44.0	Landkreis	3.0	Ländlicher Kreis mit Verdichtungsansätzen	2.0	Ländlicher Raum	2.0	zentral	2.0	Region mit Verstädterungsansätzen	1.0	Westdeutschland	1
8.0	Baden-Württemberg	08426	LK Biberach	201282.0	Biberach	1409.49	198265.0	44.0	Landkreis	3.0	Ländlicher Kreis mit Verdichtungsansätzen	2.0	Ländlicher Raum	3.0	peripher	2.0	Region mit Verstädterungsansätzen	1.0	Westdeutschland	1
8.0	Baden-Württemberg	08435	LK Bodenseekreis	217470.0	Bodenseekreis	664.77	214655.0	44.0	Landkreis	2.0	Städtischer Kreis	1.0	Städtischer Raum	2.0	zentral	2.0	Region mit Verstädterungsansätzen	1.0	Westdeutschland	1
8.0	Baden-Württemberg	08436	LK Ravensburg	285424.0	Ravensburg	1632.09	283264.0	44.0	Landkreis	2.0	Städtischer Kreis	1.0	Städtischer Raum	3.0	peripher	2.0	Region mit Verstädterungsansätzen	1.0	Westdeutschland	1
8.0	Baden-Württemberg	08437	LK Sigmaringen	130849.0	Sigmaringen	1204.22	130192.0	44.0	Landkreis	3.0	Ländlicher Kreis mit Verdichtungsansätzen	2.0	Ländlicher Raum	3.0	peripher	2.0	Region mit Verstädterungsansätzen	1.0	Westdeutschland	1
9.0	Bayern	09161	SK Ingolstadt	137392.0	Ingolstadt, Stadt	133.35	135244.0	41.0	Kreisfreie Stadt	1.0	kreisfreie Großstadt	1.0	Städtischer Raum	2.0	zentral	2.0	Region mit Verstädterungsansätzen	1.0	Westdeutschland	1
9.0	Bayern	09162	SK München	1484226.0	München, Stadt	310.71	1456039.0	41.0	Kreisfreie Stadt	1.0	kreisfreie Großstadt	1.0	Städtischer Raum	1.0	sehr zentral	1.0	Städtische Region	1.0	Westdeutschland	1
9.0	Bayern	09163	SK Rosenheim	63551.0	Rosenheim, Stadt	37.22	63080.0	41.0	Kreisfreie Stadt	2.0	Städtischer Kreis	1.0	Städtischer Raum	2.0	zentral	3.0	Ländliche Region	1.0	Westdeutschland	1
9.0	Bayern	09171	LK Altötting	111516.0	Altötting	569.29	110338.0	44.0	Landkreis	2.0	Städtischer Kreis	1.0	Städtischer Raum	3.0	peripher	3.0	Ländliche Region	1.0	Westdeutschland	1
9.0	Bayern	09172	LK Berchtesgadener Land	105929.0	Berchtesgadener Land	839.85	105052.0	44.0	Landkreis	3.0	Ländlicher Kreis mit Verdichtungsansätzen	2.0	Ländlicher Raum	3.0	peripher	3.0	Ländliche Region	1.0	Westdeutschland	1
9.0	Bayern	09173	LK Bad Tölz-Wolfratshausen	127917.0	Bad Tölz-Wolfratshausen	1110.66	126572.0	44.0	Landkreis	4.0	Dünn besiedelter ländlicher Kreis	2.0	Ländlicher Raum	2.0	zentral	3.0	Ländliche Region	1.0	Westdeutschland	1
9.0	Bayern	09174	LK Dachau	154899.0	Dachau	579.15	152703.0	44.0	Landkreis	2.0	Städtischer Kreis	1.0	Städtischer Raum	1.0	sehr zentral	1.0	Städtische Region	1.0	Westdeutschland	1
9.0	Bayern	09175	LK Ebersberg	143649.0	Ebersberg	549.39	140800.0	44.0	Landkreis	2.0	Städtischer Kreis	1.0	Städtischer Raum	1.0	sehr zentral	1.0	Städtische Region	1.0	Westdeutschland	1
9.0	Bayern	09176	LK Eichstätt	132881.0	Eichstätt	1213.86	131646.0	44.0	Landkreis	3.0	Ländlicher Kreis mit Verdichtungsansätzen	2.0	Ländlicher Raum	3.0	peripher	2.0	Region mit Verstädterungsansätzen	1.0	Westdeutschland	1
9.0	Bayern	09177	LK Erding	138182.0	Erding	870.73	136884.0	44.0	Landkreis	3.0	Ländlicher Kreis mit Verdichtungsansätzen	2.0	Ländlicher Raum	2.0	zentral	1.0	Städtische Region	1.0	Westdeutschland	1
9.0	Bayern	09178	LK Freising	180007.0	Freising	799.85	177997.0	44.0	Landkreis	2.0	Städtischer Kreis	1.0	Städtischer Raum	2.0	zentral	1.0	Städtische Region	1.0	Westdeutschland	1
9.0	Bayern	09179	LK Fürstenfeldbruck	219311.0	Fürstenfeldbruck	434.83	217831.0	44.0	Landkreis	2.0	Städtischer Kreis	1.0	Städtischer Raum	1.0	sehr zentral	1.0	Städtische Region	1.0	Westdeutschland	1
9.0	Bayern	09180	LK Garmisch-Partenkirchen	88424.0	Garmisch-Partenkirchen	1012.21	88155.0	44.0	Landkreis	4.0	Dünn besiedelter ländlicher Kreis	2.0	Ländlicher Raum	3.0	peripher	3.0	Ländliche Region	1.0	Westdeutschland	1
9.0	Bayern	09181	LK Landsberg a.Lech	120302.0	Landsberg am Lech	804.37	119141.0	44.0	Landkreis	3.0	Ländlicher Kreis mit Verdichtungsansätzen	2.0	Ländlicher Raum	2.0	zentral	1.0	Städtische Region	1.0	Westdeutschland	1
9.0	Bayern	09182	LK Miesbach	100010.0	Miesbach	866.22	99189.0	44.0	Landkreis	3.0	Ländlicher Kreis mit Verdichtungsansätzen	2.0	Ländlicher Raum	2.0	zentral	3.0	Ländliche Region	1.0	Westdeutschland	1
9.0	Bayern	09183	LK Mühldorf a.Inn	115872.0	Mühldorf a.Inn	805.36	114486.0	44.0	Landkreis	4.0	Dünn besiedelter ländlicher Kreis	2.0	Ländlicher Raum	3.0	peripher	3.0	Ländliche Region	1.0	Westdeutschland	1
9.0	Bayern	09184	LK München	350473.0	München	664.27	346433.0	44.0	Landkreis	2.0	Städtischer Kreis	1.0	Städtischer Raum	1.0	sehr zentral	1.0	Städtische Region	1.0	Westdeutschland	1
9.0	Bayern	09185	LK Neuburg-Schrobenhausen	97303.0	Neuburg-Schrobenhausen	739.72	96164.0	44.0	Landkreis	3.0	Ländlicher Kreis mit Verdichtungsansätzen	2.0	Ländlicher Raum	3.0	peripher	2.0	Region mit Verstädterungsansätzen	1.0	Westdeutschland	1
9.0	Bayern	09186	LK Pfaffenhofen a.d.Ilm	128227.0	Pfaffenhofen a.d.Ilm	761.05	126244.0	44.0	Landkreis	3.0	Ländlicher Kreis mit Verdichtungsansätzen	2.0	Ländlicher Raum	2.0	zentral	2.0	Region mit Verstädterungsansätzen	1.0	Westdeutschland	1
9.0	Bayern	09187	LK Rosenheim	261330.0	Rosenheim	1439.45	259449.0	44.0	Landkreis	2.0	Städtischer Kreis	1.0	Städtischer Raum	2.0	zentral	3.0	Ländliche Region	1.0	Westdeutschland	1
9.0	Bayern	09188	LK Starnberg	136667.0	Starnberg	487.72	135545.0	44.0	Landkreis	2.0	Städtischer Kreis	1.0	Städtischer Raum	1.0	sehr zentral	1.0	Städtische Region	1.0	Westdeutschland	1
9.0	Bayern	09189	LK Traunstein	177319.0	Traunstein	1533.74	176290.0	44.0	Landkreis	4.0	Dünn besiedelter ländlicher Kreis	2.0	Ländlicher Raum	3.0	peripher	3.0	Ländliche Region	1.0	Westdeutschland	1
9.0	Bayern	09190	LK Weilheim-Schongau	135478.0	Weilheim-Schongau	966.29	134252.0	44.0	Landkreis	3.0	Ländlicher Kreis mit Verdichtungsansätzen	2.0	Ländlicher Raum	3.0	peripher	3.0	Ländliche Region	1.0	Westdeutschland	1
9.0	Bayern	09261	SK Landshut	73411.0	Landshut, Stadt	65.83	71193.0	41.0	Kreisfreie Stadt	3.0	Ländlicher Kreis mit Verdichtungsansätzen	2.0	Ländlicher Raum	2.0	zentral	3.0	Ländliche Region	1.0	Westdeutschland	1
9.0	Bayern	09262	SK Passau	52803.0	Passau, Stadt	69.56	51781.0	41.0	Kreisfreie Stadt	3.0	Ländlicher Kreis mit Verdichtungsansätzen	2.0	Ländlicher Raum	3.0	peripher	3.0	Ländliche Region	1.0	Westdeutschland	1
9.0	Bayern	09263	SK Straubing	47791.0	Straubing, Stadt	67.59	47586.0	41.0	Kreisfreie Stadt	4.0	Dünn besiedelter ländlicher Kreis	2.0	Ländlicher Raum	3.0	peripher	3.0	Ländliche Region	1.0	Westdeutschland	1
9.0	Bayern	09271	LK Deggendorf	119478.0	Deggendorf	861.15	118741.0	44.0	Landkreis	4.0	Dünn besiedelter ländlicher Kreis	2.0	Ländlicher Raum	3.0	peripher	3.0	Ländliche Region	1.0	Westdeutschland	1
9.0	Bayern	09272	LK Freyung-Grafenau	78362.0	Freyung-Grafenau	983.88	78345.0	44.0	Landkreis	4.0	Dünn besiedelter ländlicher Kreis	2.0	Ländlicher Raum	4.0	sehr peripher	3.0	Ländliche Region	1.0	Westdeutschland	1
9.0	Bayern	09273	LK Kelheim	123058.0	Kelheim	1065.13	121119.0	44.0	Landkreis	3.0	Ländlicher Kreis mit Verdichtungsansätzen	2.0	Ländlicher Raum	3.0	peripher	2.0	Region mit Verstädterungsansätzen	1.0	Westdeutschland	1
9.0	Bayern	09274	LK Landshut	159895.0	Landshut	1347.56	157239.0	44.0	Landkreis	3.0	Ländlicher Kreis mit Verdichtungsansätzen	2.0	Ländlicher Raum	3.0	peripher	3.0	Ländliche Region	1.0	Westdeutschland	1
9.0	Bayern	09275	LK Passau	192656.0	Passau	1530.08	190504.0	44.0	Landkreis	3.0	Ländlicher Kreis mit Verdichtungsansätzen	2.0	Ländlicher Raum	3.0	peripher	3.0	Ländliche Region	1.0	Westdeutschland	1
9.0	Bayern	09276	LK Regen	77410.0	Regen	974.79	77489.0	44.0	Landkreis	4.0	Dünn besiedelter ländlicher Kreis	2.0	Ländlicher Raum	4.0	sehr peripher	3.0	Ländliche Region	1.0	Westdeutschland	1
9.0	Bayern	09277	LK Rottal-Inn	121502.0	Rottal-Inn	1281.22	120371.0	44.0	Landkreis	4.0	Dünn besiedelter ländlicher Kreis	2.0	Ländlicher Raum	3.0	peripher	3.0	Ländliche Region	1.0	Westdeutschland	1
9.0	Bayern	09278	LK Straubing-Bogen	101120.0	Straubing-Bogen	1201.64	99838.0	44.0	Landkreis	4.0	Dünn besiedelter ländlicher Kreis	2.0	Ländlicher Raum	3.0	peripher	3.0	Ländliche Region	1.0	Westdeutschland	1
9.0	Bayern	09279	LK Dingolfing-Landau	96683.0	Dingolfing-Landau	877.57	95831.0	44.0	Landkreis	3.0	Ländlicher Kreis mit Verdichtungsansätzen	2.0	Ländlicher Raum	3.0	peripher	3.0	Ländliche Region	1.0	Westdeutschland	1
9.0	Bayern	09361	SK Amberg	42207.0	Amberg, Stadt	50.13	42248.0	41.0	Kreisfreie Stadt	4.0	Dünn besiedelter ländlicher Kreis	2.0	Ländlicher Raum	3.0	peripher	3.0	Ländliche Region	1.0	Westdeutschland	1
9.0	Bayern	09362	SK Regensburg	153094.0	Regensburg, Stadt	80.85	150894.0	41.0	Kreisfreie Stadt	1.0	kreisfreie Großstadt	1.0	Städtischer Raum	2.0	zentral	2.0	Region mit Verstädterungsansätzen	1.0	Westdeutschland	1
9.0	Bayern	09363	SK Weiden i.d.OPf.	42743.0	Weiden i.d.OPf., Stadt	70.57	42543.0	41.0	Kreisfreie Stadt	4.0	Dünn besiedelter ländlicher Kreis	2.0	Ländlicher Raum	3.0	peripher	3.0	Ländliche Region	1.0	Westdeutschland	1
9.0	Bayern	09371	LK Amberg-Sulzbach	103049.0	Amberg-Sulzbach	1255.84	102836.0	44.0	Landkreis	4.0	Dünn besiedelter ländlicher Kreis	2.0	Ländlicher Raum	3.0	peripher	3.0	Ländliche Region	1.0	Westdeutschland	1
9.0	Bayern	09372	LK Cham	127998.0	Cham	1520.11	127339.0	44.0	Landkreis	4.0	Dünn besiedelter ländlicher Kreis	2.0	Ländlicher Raum	4.0	sehr peripher	2.0	Region mit Verstädterungsansätzen	1.0	Westdeutschland	1
9.0	Bayern	09373	LK Neumarkt i.d.OPf.	134573.0	Neumarkt i.d.OPf.	1343.95	132644.0	44.0	Landkreis	4.0	Dünn besiedelter ländlicher Kreis	2.0	Ländlicher Raum	2.0	zentral	2.0	Region mit Verstädterungsansätzen	1.0	Westdeutschland	1
9.0	Bayern	09374	LK Neustadt a.d.Waldnaab	94450.0	Neustadt a.d.Waldnaab	1427.69	94486.0	44.0	Landkreis	4.0	Dünn besiedelter ländlicher Kreis	2.0	Ländlicher Raum	3.0	peripher	3.0	Ländliche Region	1.0	Westdeutschland	1
9.0	Bayern	09375	LK Regensburg	194070.0	Regensburg	1391.71	192200.0	44.0	Landkreis	3.0	Ländlicher Kreis mit Verdichtungsansätzen	2.0	Ländlicher Raum	2.0	zentral	2.0	Region mit Verstädterungsansätzen	1.0	Westdeutschland	1
9.0	Bayern	09376	LK Schwandorf	147872.0	Schwandorf	1465.09	146487.0	44.0	Landkreis	4.0	Dünn besiedelter ländlicher Kreis	2.0	Ländlicher Raum	3.0	peripher	3.0	Ländliche Region	1.0	Westdeutschland	1
9.0	Bayern	09377	LK Tirschenreuth	72046.0	Tirschenreuth	1084.26	72730.0	44.0	Landkreis	4.0	Dünn besiedelter ländlicher Kreis	2.0	Ländlicher Raum	3.0	peripher	3.0	Ländliche Region	1.0	Westdeutschland	1
9.0	Bayern	09461	SK Bamberg	77373.0	Bamberg, Stadt	54.62	77179.0	41.0	Kreisfreie Stadt	3.0	Ländlicher Kreis mit Verdichtungsansätzen	2.0	Ländlicher Raum	2.0	zentral	3.0	Ländliche Region	1.0	Westdeutschland	1
9.0	Bayern	09462	SK Bayreuth	74783.0	Bayreuth, Stadt	66.89	73999.0	41.0	Kreisfreie Stadt	4.0	Dünn besiedelter ländlicher Kreis	2.0	Ländlicher Raum	2.0	zentral	3.0	Ländliche Region	1.0	Westdeutschland	1
9.0	Bayern	09463	SK Coburg	41072.0	Coburg, Stadt	48.29	41236.0	41.0	Kreisfreie Stadt	3.0	Ländlicher Kreis mit Verdichtungsansätzen	2.0	Ländlicher Raum	3.0	peripher	3.0	Ländliche Region	1.0	Westdeutschland	1
9.0	Bayern	09464	SK Hof	45825.0	Hof, Stadt	58.02	45950.0	41.0	Kreisfreie Stadt	3.0	Ländlicher Kreis mit Verdichtungsansätzen	2.0	Ländlicher Raum	3.0	peripher	3.0	Ländliche Region	1.0	Westdeutschland	1
9.0	Bayern	09471	LK Bamberg	147163.0	Bamberg	1167.78	146584.0	44.0	Landkreis	3.0	Ländlicher Kreis mit Verdichtungsansätzen	2.0	Ländlicher Raum	2.0	zentral	3.0	Ländliche Region	1.0	Westdeutschland	1
9.0	Bayern	09472	LK Bayreuth	103664.0	Bayreuth	1273.62	103805.0	44.0	Landkreis	4.0	Dünn besiedelter ländlicher Kreis	2.0	Ländlicher Raum	3.0	peripher	3.0	Ländliche Region	1.0	Westdeutschland	1
9.0	Bayern	09473	LK Coburg	86747.0	Coburg	590.41	86885.0	44.0	Landkreis	3.0	Ländlicher Kreis mit Verdichtungsansätzen	2.0	Ländlicher Raum	3.0	peripher	3.0	Ländliche Region	1.0	Westdeutschland	1
9.0	Bayern	09474	LK Forchheim	116203.0	Forchheim	642.82	115681.0	44.0	Landkreis	3.0	Ländlicher Kreis mit Verdichtungsansätzen	2.0	Ländlicher Raum	2.0	zentral	3.0	Ländliche Region	1.0	Westdeutschland	1
9.0	Bayern	09475	LK Hof	94801.0	Hof	892.51	95773.0	44.0	Landkreis	3.0	Ländlicher Kreis mit Verdichtungsansätzen	2.0	Ländlicher Raum	3.0	peripher	3.0	Ländliche Region	1.0	Westdeutschland	1
9.0	Bayern	09476	LK Kronach	66743.0	Kronach	651.5	67474.0	44.0	Landkreis	3.0	Ländlicher Kreis mit Verdichtungsansätzen	2.0	Ländlicher Raum	3.0	peripher	3.0	Ländliche Region	1.0	Westdeutschland	1
9.0	Bayern	09477	LK Kulmbach	71566.0	Kulmbach	658.33	72012.0	44.0	Landkreis	4.0	Dünn besiedelter ländlicher Kreis	2.0	Ländlicher Raum	3.0	peripher	3.0	Ländliche Region	1.0	Westdeutschland	1
9.0	Bayern	09478	LK Lichtenfels	66776.0	Lichtenfels	519.93	66777.0	44.0	Landkreis	3.0	Ländlicher Kreis mit Verdichtungsansätzen	2.0	Ländlicher Raum	3.0	peripher	3.0	Ländliche Region	1.0	Westdeutschland	1
9.0	Bayern	09479	LK Wunsiedel i.Fichtelgebirge	72655.0	Wunsiedel i.Fichtelgebirge	606.37	73485.0	44.0	Landkreis	4.0	Dünn besiedelter ländlicher Kreis	2.0	Ländlicher Raum	3.0	peripher	3.0	Ländliche Region	1.0	Westdeutschland	1
9.0	Bayern	09561	SK Ansbach	41798.0	Ansbach, Stadt	99.91	41652.0	41.0	Kreisfreie Stadt	4.0	Dünn besiedelter ländlicher Kreis	2.0	Ländlicher Raum	2.0	zentral	3.0	Ländliche Region	1.0	Westdeutschland	1
9.0	Bayern	09562	SK Erlangen	112528.0	Erlangen, Stadt	76.96	110998.0	41.0	Kreisfreie Stadt	1.0	kreisfreie Großstadt	1.0	Städtischer Raum	1.0	sehr zentral	1.0	Städtische Region	1.0	Westdeutschland	1
9.0	Bayern	09563	SK Fürth	128497.0	Fürth, Stadt	63.35	126526.0	41.0	Kreisfreie Stadt	1.0	kreisfreie Großstadt	1.0	Städtischer Raum	1.0	sehr zentral	1.0	Städtische Region	1.0	Westdeutschland	1
9.0	Bayern	09564	SK Nürnberg	518370.0	Nürnberg, Stadt	186.45	515201.0	41.0	Kreisfreie Stadt	1.0	kreisfreie Großstadt	1.0	Städtischer Raum	1.0	sehr zentral	1.0	Städtische Region	1.0	Westdeutschland	1
9.0	Bayern	09565	SK Schwabach	40981.0	Schwabach, Stadt	40.8	40781.0	41.0	Kreisfreie Stadt	3.0	Ländlicher Kreis mit Verdichtungsansätzen	2.0	Ländlicher Raum	2.0	zentral	1.0	Städtische Region	1.0	Westdeutschland	1
9.0	Bayern	09571	LK Ansbach	184591.0	Ansbach	1971.31	183256.0	44.0	Landkreis	4.0	Dünn besiedelter ländlicher Kreis	2.0	Ländlicher Raum	3.0	peripher	3.0	Ländliche Region	1.0	Westdeutschland	1
9.0	Bayern	09572	LK Erlangen-Höchstadt	137262.0	Erlangen-Höchstadt	564.54	135334.0	44.0	Landkreis	2.0	Städtischer Kreis	1.0	Städtischer Raum	2.0	zentral	1.0	Städtische Region	1.0	Westdeutschland	1
9.0	Bayern	09573	LK Fürth	117853.0	Fürth	307.42	116193.0	44.0	Landkreis	2.0	Städtischer Kreis	1.0	Städtischer Raum	2.0	zentral	1.0	Städtische Region	1.0	Westdeutschland	1
9.0	Bayern	09574	LK Nürnberger Land	170792.0	Nürnberger Land	799.54	169752.0	44.0	Landkreis	2.0	Städtischer Kreis	1.0	Städtischer Raum	2.0	zentral	1.0	Städtische Region	1.0	Westdeutschland	1
9.0	Bayern	09575	LK Neustadt a.d.Aisch-Bad Windsheim	101014.0	Neustadt a.d.Aisch-Bad Windsheim	1267.45	99641.0	44.0	Landkreis	4.0	Dünn besiedelter ländlicher Kreis	2.0	Ländlicher Raum	3.0	peripher	3.0	Ländliche Region	1.0	Westdeutschland	1
9.0	Bayern	09576	LK Roth	126749.0	Roth	895.14	126101.0	44.0	Landkreis	3.0	Ländlicher Kreis mit Verdichtungsansätzen	2.0	Ländlicher Raum	2.0	zentral	1.0	Städtische Region	1.0	Westdeutschland	1
9.0	Bayern	09577	LK Weißenburg-Gunzenhausen	94734.0	Weißenburg-Gunzenhausen	970.78	94208.0	44.0	Landkreis	4.0	Dünn besiedelter ländlicher Kreis	2.0	Ländlicher Raum	3.0	peripher	3.0	Ländliche Region	1.0	Westdeutschland	1
9.0	Bayern	09661	SK Aschaffenburg	71002.0	Aschaffenburg, Stadt	62.45	69928.0	41.0	Kreisfreie Stadt	2.0	Städtischer Kreis	1.0	Städtischer Raum	1.0	sehr zentral	3.0	Ländliche Region	1.0	Westdeutschland	1
9.0	Bayern	09662	SK Schweinfurt	53426.0	Schweinfurt, Stadt	35.7	53437.0	41.0	Kreisfreie Stadt	3.0	Ländlicher Kreis mit Verdichtungsansätzen	2.0	Ländlicher Raum	2.0	zentral	3.0	Ländliche Region	1.0	Westdeutschland	1
9.0	Bayern	09663	SK Würzburg	127934.0	Würzburg, Stadt	87.6	126635.0	41.0	Kreisfreie Stadt	1.0	kreisfreie Großstadt	1.0	Städtischer Raum	2.0	zentral	2.0	Region mit Verstädterungsansätzen	1.0	Westdeutschland	1
9.0	Bayern	09671	LK Aschaffenburg	174200.0	Aschaffenburg	698.91	173969.0	44.0	Landkreis	2.0	Städtischer Kreis	1.0	Städtischer Raum	1.0	sehr zentral	3.0	Ländliche Region	1.0	Westdeutschland	1
9.0	Bayern	09672	LK Bad Kissingen	103235.0	Bad Kissingen	1136.83	103265.0	44.0	Landkreis	4.0	Dünn besiedelter ländlicher Kreis	2.0	Ländlicher Raum	3.0	peripher	3.0	Ländliche Region	1.0	Westdeutschland	1
9.0	Bayern	09673	LK Rhön-Grabfeld	79635.0	Rhön-Grabfeld	1021.74	79796.0	44.0	Landkreis	4.0	Dünn besiedelter ländlicher Kreis	2.0	Ländlicher Raum	3.0	peripher	3.0	Ländliche Region	1.0	Westdeutschland	1
9.0	Bayern	09674	LK Haßberge	84384.0	Haßberge	956.19	84464.0	44.0	Landkreis	4.0	Dünn besiedelter ländlicher Kreis	2.0	Ländlicher Raum	3.0	peripher	3.0	Ländliche Region	1.0	Westdeutschland	1
9.0	Bayern	09675	LK Kitzingen	91155.0	Kitzingen	684.16	90429.0	44.0	Landkreis	3.0	Ländlicher Kreis mit Verdichtungsansätzen	2.0	Ländlicher Raum	2.0	zentral	2.0	Region mit Verstädterungsansätzen	1.0	Westdeutschland	1
9.0	Bayern	09676	LK Miltenberg	128743.0	Miltenberg	715.53	128484.0	44.0	Landkreis	2.0	Städtischer Kreis	1.0	Städtischer Raum	2.0	zentral	3.0	Ländliche Region	1.0	Westdeutschland	1
9.0	Bayern	09677	LK Main-Spessart	126158.0	Main-Spessart	1321.18	126523.0	44.0	Landkreis	4.0	Dünn besiedelter ländlicher Kreis	2.0	Ländlicher Raum	3.0	peripher	2.0	Region mit Verstädterungsansätzen	1.0	Westdeutschland	1
9.0	Bayern	09678	LK Schweinfurt	115445.0	Schweinfurt	841.4	115105.0	44.0	Landkreis	3.0	Ländlicher Kreis mit Verdichtungsansätzen	2.0	Ländlicher Raum	2.0	zentral	3.0	Ländliche Region	1.0	Westdeutschland	1
9.0	Bayern	09679	LK Würzburg	162302.0	Würzburg	968.33	161340.0	44.0	Landkreis	2.0	Städtischer Kreis	1.0	Städtischer Raum	2.0	zentral	2.0	Region mit Verstädterungsansätzen	1.0	Westdeutschland	1
9.0	Bayern	09761	SK Augsburg	296582.0	Augsburg, Stadt	146.87	292851.0	41.0	Kreisfreie Stadt	1.0	kreisfreie Großstadt	1.0	Städtischer Raum	1.0	sehr zentral	2.0	Region mit Verstädterungsansätzen	1.0	Westdeutschland	1
9.0	Bayern	09762	SK Kaufbeuren	44398.0	Kaufbeuren, Stadt	40.02	43478.0	41.0	Kreisfreie Stadt	4.0	Dünn besiedelter ländlicher Kreis	2.0	Ländlicher Raum	3.0	peripher	3.0	Ländliche Region	1.0	Westdeutschland	1
9.0	Bayern	09763	SK Kempten	69151.0	Kempten (Allgäu), Stadt	63.28	68330.0	41.0	Kreisfreie Stadt	4.0	Dünn besiedelter ländlicher Kreis	2.0	Ländlicher Raum	2.0	zentral	3.0	Ländliche Region	1.0	Westdeutschland	1
9.0	Bayern	09764	SK Memmingen	44100.0	Memmingen, Stadt	70.11	43470.0	41.0	Kreisfreie Stadt	3.0	Ländlicher Kreis mit Verdichtungsansätzen	2.0	Ländlicher Raum	2.0	zentral	3.0	Ländliche Region	1.0	Westdeutschland	1
9.0	Bayern	09771	LK Aichach-Friedberg	134655.0	Aichach-Friedberg	780.25	132596.0	44.0	Landkreis	3.0	Ländlicher Kreis mit Verdichtungsansätzen	2.0	Ländlicher Raum	2.0	zentral	2.0	Region mit Verstädterungsansätzen	1.0	Westdeutschland	1
9.0	Bayern	09772	LK Augsburg	253468.0	Augsburg	1070.61	249838.0	44.0	Landkreis	2.0	Städtischer Kreis	1.0	Städtischer Raum	2.0	zentral	2.0	Region mit Verstädterungsansätzen	1.0	Westdeutschland	1
9.0	Bayern	09773	LK Dillingen a.d.Donau	96562.0	Dillingen a.d.Donau	792.24	95159.0	44.0	Landkreis	3.0	Ländlicher Kreis mit Verdichtungsansätzen	2.0	Ländlicher Raum	3.0	peripher	2.0	Region mit Verstädterungsansätzen	1.0	Westdeutschland	1
9.0	Bayern	09774	LK Günzburg	127027.0	Günzburg	762.41	124519.0	44.0	Landkreis	3.0	Ländlicher Kreis mit Verdichtungsansätzen	2.0	Ländlicher Raum	2.0	zentral	3.0	Ländliche Region	1.0	Westdeutschland	1
9.0	Bayern	09775	LK Neu-Ulm	175204.0	Neu-Ulm	515.85	172546.0	44.0	Landkreis	2.0	Städtischer Kreis	1.0	Städtischer Raum	2.0	zentral	3.0	Ländliche Region	1.0	Westdeutschland	1
9.0	Bayern	09776	LK Lindau	81981.0	Lindau (Bodensee)	323.39	81148.0	44.0	Landkreis	2.0	Städtischer Kreis	1.0	Städtischer Raum	2.0	zentral	3.0	Ländliche Region	1.0	Westdeutschland	1
9.0	Bayern	09777	LK Ostallgäu	141182.0	Ostallgäu	1394.46	139278.0	44.0	Landkreis	4.0	Dünn besiedelter ländlicher Kreis	2.0	Ländlicher Raum	3.0	peripher	3.0	Ländliche Region	1.0	Westdeutschland	1
9.0	Bayern	09778	LK Unterallgäu	145341.0	Unterallgäu	1229.58	142544.0	44.0	Landkreis	3.0	Ländlicher Kreis mit Verdichtungsansätzen	2.0	Ländlicher Raum	3.0	peripher	3.0	Ländliche Region	1.0	Westdeutschland	1
9.0	Bayern	09779	LK Donau-Ries	133783.0	Donau-Ries	1274.56	133043.0	44.0	Landkreis	4.0	Dünn besiedelter ländlicher Kreis	2.0	Ländlicher Raum	3.0	peripher	2.0	Region mit Verstädterungsansätzen	1.0	Westdeutschland	1
9.0	Bayern	09780	LK Oberallgäu	156008.0	Oberallgäu	1527.98	154568.0	44.0	Landkreis	4.0	Dünn besiedelter ländlicher Kreis	2.0	Ländlicher Raum	3.0	peripher	3.0	Ländliche Region	1.0	Westdeutschland	1
10.0	Saarland	10041	LK Stadtverband Saarbrücken	328714.0	Regionalverband Saarbrücken	410.95	330150.0	45.0	Regionalverband	2.0	Städtischer Kreis	1.0	Städtischer Raum	1.0	sehr zentral	1.0	Städtische Region	1.0	Westdeutschland	1
10.0	Saarland	10042	LK Merzig-Wadern	103243.0	Merzig-Wadern	556.66	103656.0	44.0	Landkreis	2.0	Städtischer Kreis	1.0	Städtischer Raum	2.0	zentral	1.0	Städtische Region	1.0	Westdeutschland	1
10.0	Saarland	10043	LK Neunkirchen	131408.0	Neunkirchen	249.8	133297.0	44.0	Landkreis	2.0	Städtischer Kreis	1.0	Städtischer Raum	2.0	zentral	1.0	Städtische Region	1.0	Westdeutschland	1
10.0	Saarland	10044	LK Saarlouis	194319.0	Saarlouis	459.35	195815.0	44.0	Landkreis	2.0	Städtischer Kreis	1.0	Städtischer Raum	2.0	zentral	1.0	Städtische Region	1.0	Westdeutschland	1
10.0	Saarland	10045	LK Saarpfalz-Kreis	142196.0	Saarpfalz-Kreis	418.28	143402.0	44.0	Landkreis	2.0	Städtischer Kreis	1.0	Städtischer Raum	2.0	zentral	1.0	Städtische Region	1.0	Westdeutschland	1
10.0	Saarland	10046	LK Sankt Wendel	87007.0	St. Wendel	476.07	87867.0	44.0	Landkreis	2.0	Städtischer Kreis	1.0	Städtischer Raum	2.0	zentral	1.0	Städtische Region	1.0	Westdeutschland	1
11.0	Berlin	11001	SK Berlin Mitte	385748.0	Mitte	39.4	385748.0	41.0	Kreisfreie Stadt	1.0	kreisfreie Großstadt	1.0	Städtischer Raum	1.0	sehr zentral	1.0	Städtische Region	2.0	Ostdeutschland	1
11.0	Berlin	11002	SK Berlin Friedrichshain-Kreuzberg	290386.0	Friedrichshain	20.4	290386.0	41.0	Kreisfreie Stadt	1.0	kreisfreie Großstadt	1.0	Städtischer Raum	1.0	sehr zentral	1.0	Städtische Region	2.0	Ostdeutschland	1
11.0	Berlin	11003	SK Berlin Pankow	409335.0	Pankow	103.22	409335.0	41.0	Kreisfreie Stadt	1.0	kreisfreie Großstadt	1.0	Städtischer Raum	1.0	sehr zentral	1.0	Städtische Region	2.0	Ostdeutschland	1
11.0	Berlin	11004	SK Berlin Charlottenburg-Wilmersdorf	343592.0	Charlottenburg	64.69	343592.0	41.0	Kreisfreie Stadt	1.0	kreisfreie Großstadt	1.0	Städtischer Raum	1.0	sehr zentral	1.0	Städtische Region	2.0	Ostdeutschland	1
11.0	Berlin	11005	SK Berlin Spandau	245197.0	Spandau	91.88	245197.0	41.0	Kreisfreie Stadt	1.0	kreisfreie Großstadt	1.0	Städtischer Raum	1.0	sehr zentral	1.0	Städtische Region	2.0	Ostdeutschland	1
11.0	Berlin	11006	SK Berlin Steglitz-Zehlendorf	310071.0	Steglitz	102.56	310071.0	41.0	Kreisfreie Stadt	1.0	kreisfreie Großstadt	1.0	Städtischer Raum	1.0	sehr zentral	1.0	Städtische Region	2.0	Ostdeutschland	1
11.0	Berlin	11007	SK Berlin Tempelhof-Schöneberg	350984.0	Tempelhof	53.05	350984.0	41.0	Kreisfreie Stadt	1.0	kreisfreie Großstadt	1.0	Städtischer Raum	1.0	sehr zentral	1.0	Städtische Region	2.0	Ostdeutschland	1
11.0	Berlin	11008	SK Berlin Neukölln	329917.0	Neukölln	44.93	329917.0	41.0	Kreisfreie Stadt	1.0	kreisfreie Großstadt	1.0	Städtischer Raum	1.0	sehr zentral	1.0	Städtische Region	2.0	Ostdeutschland	1
11.0	Berlin	11009	SK Berlin Treptow-Köpenick	273689.0	Treptow	167.73	273689.0	41.0	Kreisfreie Stadt	1.0	kreisfreie Großstadt	1.0	Städtischer Raum	1.0	sehr zentral	1.0	Städtische Region	2.0	Ostdeutschland	1
11.0	Berlin	11010	SK Berlin Marzahn-Hellersdorf	269967.0	Marzahn	61.82	269967.0	41.0	Kreisfreie Stadt	1.0	kreisfreie Großstadt	1.0	Städtischer Raum	1.0	sehr zentral	1.0	Städtische Region	2.0	Ostdeutschland	1
11.0	Berlin	11011	SK Berlin Lichtenberg	294201.0	Lichtenberg	52.12	294201.0	41.0	Kreisfreie Stadt	1.0	kreisfreie Großstadt	1.0	Städtischer Raum	1.0	sehr zentral	1.0	Städtische Region	2.0	Ostdeutschland	1
11.0	Berlin	11012	SK Berlin Reinickendorf	266408.0	Reinickendorf	89.32	266408.0	41.0	Kreisfreie Stadt	1.0	kreisfreie Großstadt	1.0	Städtischer Raum	1.0	sehr zentral	1.0	Städtische Region	2.0	Ostdeutschland	1
12.0	Brandenburg	12051	SK Brandenburg a.d.Havel	72184.0	Brandenburg an der Havel, Stadt	229.72	71886.0	41.0	Kreisfreie Stadt	3.0	Ländlicher Kreis mit Verdichtungsansätzen	2.0	Ländlicher Raum	3.0	peripher	3.0	Ländliche Region	2.0	Ostdeutschland	1
12.0	Brandenburg	12052	SK Cottbus	99678.0	Cottbus, Stadt	165.62	101036.0	41.0	Kreisfreie Stadt	3.0	Ländlicher Kreis mit Verdichtungsansätzen	2.0	Ländlicher Raum	3.0	peripher	3.0	Ländliche Region	2.0	Ostdeutschland	1
12.0	Brandenburg	12053	SK Frankfurt (Oder)	57751.0	Frankfurt (Oder), Stadt	147.85	58237.0	41.0	Kreisfreie Stadt	4.0	Dünn besiedelter ländlicher Kreis	2.0	Ländlicher Raum	3.0	peripher	3.0	Ländliche Region	2.0	Ostdeutschland	1
12.0	Brandenburg	12054	SK Potsdam	180334.0	Potsdam, Stadt	188.26	175710.0	41.0	Kreisfreie Stadt	1.0	kreisfreie Großstadt	1.0	Städtischer Raum	1.0	sehr zentral	3.0	Ländliche Region	2.0	Ostdeutschland	1
12.0	Brandenburg	12060	LK Barnim	185244.0	Barnim	1479.67	180864.0	44.0	Landkreis	3.0	Ländlicher Kreis mit Verdichtungsansätzen	2.0	Ländlicher Raum	2.0	zentral	3.0	Ländliche Region	2.0	Ostdeutschland	1
12.0	Brandenburg	12061	LK Dahme-Spreewald	170791.0	Dahme-Spreewald	2274.48	167319.0	44.0	Landkreis	4.0	Dünn besiedelter ländlicher Kreis	2.0	Ländlicher Raum	2.0	zentral	3.0	Ländliche Region	2.0	Ostdeutschland	1
12.0	Brandenburg	12062	LK Elbe-Elster	101827.0	Elbe-Elster	1899.57	103455.0	44.0	Landkreis	4.0	Dünn besiedelter ländlicher Kreis	2.0	Ländlicher Raum	4.0	sehr peripher	3.0	Ländliche Region	2.0	Ostdeutschland	1
12.0	Brandenburg	12063	LK Havelland	162996.0	Havelland	1727.29	160710.0	44.0	Landkreis	4.0	Dünn besiedelter ländlicher Kreis	2.0	Ländlicher Raum	2.0	zentral	3.0	Ländliche Region	2.0	Ostdeutschland	1
12.0	Brandenburg	12064	LK Märkisch-Oderland	195751.0	Märkisch-Oderland	2158.67	192921.0	44.0	Landkreis	4.0	Dünn besiedelter ländlicher Kreis	2.0	Ländlicher Raum	2.0	zentral	3.0	Ländliche Region	2.0	Ostdeutschland	1
12.0	Brandenburg	12065	LK Oberhavel	212914.0	Oberhavel	1808.16	209893.0	44.0	Landkreis	4.0	Dünn besiedelter ländlicher Kreis	2.0	Ländlicher Raum	2.0	zentral	3.0	Ländliche Region	2.0	Ostdeutschland	1
12.0	Brandenburg	12066	LK Oberspreewald-Lausitz	109371.0	Oberspreewald-Lausitz	1223.07	111122.0	44.0	Landkreis	4.0	Dünn besiedelter ländlicher Kreis	2.0	Ländlicher Raum	3.0	peripher	3.0	Ländliche Region	2.0	Ostdeutschland	1
12.0	Brandenburg	12067	LK Oder-Spree	178803.0	Oder-Spree	2256.76	178347.0	44.0	Landkreis	4.0	Dünn besiedelter ländlicher Kreis	2.0	Ländlicher Raum	3.0	peripher	3.0	Ländliche Region	2.0	Ostdeutschland	1
12.0	Brandenburg	12068	LK Ostprignitz-Ruppin	98861.0	Ostprignitz-Ruppin	2526.57	99368.0	44.0	Landkreis	4.0	Dünn besiedelter ländlicher Kreis	2.0	Ländlicher Raum	4.0	sehr peripher	3.0	Ländliche Region	2.0	Ostdeutschland	1
12.0	Brandenburg	12069	LK Potsdam-Mittelmark	216566.0	Potsdam-Mittelmark	2592.06	213214.0	44.0	Landkreis	3.0	Ländlicher Kreis mit Verdichtungsansätzen	2.0	Ländlicher Raum	2.0	zentral	3.0	Ländliche Region	2.0	Ostdeutschland	1
12.0	Brandenburg	12070	LK Prignitz	76158.0	Prignitz	2138.56	77263.0	44.0	Landkreis	4.0	Dünn besiedelter ländlicher Kreis	2.0	Ländlicher Raum	4.0	sehr peripher	3.0	Ländliche Region	2.0	Ostdeutschland	1
12.0	Brandenburg	12071	LK Spree-Neiße	113720.0	Spree-Neiße	1656.97	115456.0	44.0	Landkreis	3.0	Ländlicher Kreis mit Verdichtungsansätzen	2.0	Ländlicher Raum	4.0	sehr peripher	3.0	Ländliche Region	2.0	Ostdeutschland	1
12.0	Brandenburg	12072	LK Teltow-Fläming	169997.0	Teltow-Fläming	2104.24	166890.0	44.0	Landkreis	4.0	Dünn besiedelter ländlicher Kreis	2.0	Ländlicher Raum	2.0	zentral	3.0	Ländliche Region	2.0	Ostdeutschland	1
12.0	Brandenburg	12073	LK Uckermark	118947.0	Uckermark	3076.9	120349.0	44.0	Landkreis	4.0	Dünn besiedelter ländlicher Kreis	2.0	Ländlicher Raum	4.0	sehr peripher	3.0	Ländliche Region	2.0	Ostdeutschland	1
13.0	Mecklenburg-Vorpommern	13003	SK Rostock	209191.0	Rostock, Stadt	181.36	208409.0	41.0	Kreisfreie Stadt	1.0	kreisfreie Großstadt	1.0	Städtischer Raum	2.0	zentral	3.0	Ländliche Region	2.0	Ostdeutschland	1
13.0	Mecklenburg-Vorpommern	13004	SK Schwerin	95653.0	Schwerin, Stadt	130.52	95797.0	41.0	Kreisfreie Stadt	3.0	Ländlicher Kreis mit Verdichtungsansätzen	2.0	Ländlicher Raum	3.0	peripher	3.0	Ländliche Region	2.0	Ostdeutschland	1
13.0	Mecklenburg-Vorpommern	13071	LK Mecklenburgische Seenplatte	258074.0	Mecklenburgische Seenplatte	5495.65	260574.0	44.0	Landkreis	4.0	Dünn besiedelter ländlicher Kreis	2.0	Ländlicher Raum	4.0	sehr peripher	3.0	Ländliche Region	2.0	Ostdeutschland	1
13.0	Mecklenburg-Vorpommern	13072	LK Rostock	215794.0	Landkreis Rostock	3431.28	214635.0	44.0	Landkreis	4.0	Dünn besiedelter ländlicher Kreis	2.0	Ländlicher Raum	4.0	sehr peripher	3.0	Ländliche Region	2.0	Ostdeutschland	1
13.0	Mecklenburg-Vorpommern	13073	LK Vorpommern-Rügen	224702.0	Vorpommern-Rügen	3214.43	225123.0	44.0	Landkreis	4.0	Dünn besiedelter ländlicher Kreis	2.0	Ländlicher Raum	4.0	sehr peripher	3.0	Ländliche Region	2.0	Ostdeutschland	1
13.0	Mecklenburg-Vorpommern	13074	LK Nordwestmecklenburg	157322.0	Nordwestmecklenburg	2127.08	156993.0	44.0	Landkreis	3.0	Ländlicher Kreis mit Verdichtungsansätzen	2.0	Ländlicher Raum	3.0	peripher	3.0	Ländliche Region	2.0	Ostdeutschland	1
13.0	Mecklenburg-Vorpommern	13075	LK Vorpommern-Greifswald	235623.0	Vorpommern-Greifswald	3945.63	237066.0	44.0	Landkreis	4.0	Dünn besiedelter ländlicher Kreis	2.0	Ländlicher Raum	4.0	sehr peripher	3.0	Ländliche Region	2.0	Ostdeutschland	1
13.0	Mecklenburg-Vorpommern	13076	LK Ludwigslust-Parchim	211779.0	Ludwigslust-Parchim	4766.76	212522.0	44.0	Landkreis	4.0	Dünn besiedelter ländlicher Kreis	2.0	Ländlicher Raum	3.0	peripher	3.0	Ländliche Region	2.0	Ostdeutschland	1
14.0	Sachsen	14511	SK Chemnitz	246334.0	Chemnitz, Stadt	221.05	246855.0	41.0	Kreisfreie Stadt	1.0	kreisfreie Großstadt	1.0	Städtischer Raum	1.0	sehr zentral	2.0	Region mit Verstädterungsansätzen	2.0	Ostdeutschland	1
14.0	Sachsen	14521	LK Erzgebirgskreis	334948.0	Erzgebirgskreis	1827.89	340373.0	44.0	Landkreis	2.0	Städtischer Kreis	1.0	Städtischer Raum	3.0	peripher	2.0	Region mit Verstädterungsansätzen	2.0	Ostdeutschland	1
14.0	Sachsen	14522	LK Mittelsachsen	304099.0	Mittelsachsen	2116.88	308153.0	44.0	Landkreis	3.0	Ländlicher Kreis mit Verdichtungsansätzen	2.0	Ländlicher Raum	2.0	zentral	2.0	Region mit Verstädterungsansätzen	2.0	Ostdeutschland	1
14.0	Sachsen	14523	LK Vogtlandkreis	225997.0	Vogtlandkreis	1412.45	229584.0	44.0	Landkreis	3.0	Ländlicher Kreis mit Verdichtungsansätzen	2.0	Ländlicher Raum	3.0	peripher	2.0	Region mit Verstädterungsansätzen	2.0	Ostdeutschland	1
14.0	Sachsen	14524	LK Zwickau	315002.0	Zwickau	949.77	319988.0	44.0	Landkreis	2.0	Städtischer Kreis	1.0	Städtischer Raum	2.0	zentral	2.0	Region mit Verstädterungsansätzen	2.0	Ostdeutschland	1
14.0	Sachsen	14612	SK Dresden	556780.0	Dresden, Stadt	328.48	551072.0	41.0	Kreisfreie Stadt	1.0	kreisfreie Großstadt	1.0	Städtischer Raum	1.0	sehr zentral	1.0	Städtische Region	2.0	Ostdeutschland	1
14.0	Sachsen	14625	LK Bautzen	299758.0	Bautzen	2395.58	302634.0	44.0	Landkreis	3.0	Ländlicher Kreis mit Verdichtungsansätzen	2.0	Ländlicher Raum	3.0	peripher	3.0	Ländliche Region	2.0	Ostdeutschland	1
14.0	Sachsen	14626	LK Görlitz	252725.0	Görlitz	2111.41	256587.0	44.0	Landkreis	4.0	Dünn besiedelter ländlicher Kreis	2.0	Ländlicher Raum	3.0	peripher	3.0	Ländliche Region	2.0	Ostdeutschland	1
14.0	Sachsen	14627	LK Meißen	241717.0	Meißen	1454.58	242862.0	44.0	Landkreis	3.0	Ländlicher Kreis mit Verdichtungsansätzen	2.0	Ländlicher Raum	3.0	peripher	1.0	Städtische Region	2.0	Ostdeutschland	1
14.0	Sachsen	14628	LK Sächsische Schweiz-Osterzgebirge	245586.0	Sächsische Schweiz-Osterzgebirge	1654.19	245418.0	44.0	Landkreis	3.0	Ländlicher Kreis mit Verdichtungsansätzen	2.0	Ländlicher Raum	2.0	zentral	1.0	Städtische Region	2.0	Ostdeutschland	1
14.0	Sachsen	14713	SK Leipzig	593145.0	Leipzig, Stadt	297.8	581980.0	41.0	Kreisfreie Stadt	1.0	kreisfreie Großstadt	1.0	Städtischer Raum	1.0	sehr zentral	1.0	Städtische Region	2.0	Ostdeutschland	1
14.0	Sachsen	14729	LK Leipzig	258139.0	Leipzig	1651.32	258008.0	44.0	Landkreis	3.0	Ländlicher Kreis mit Verdichtungsansätzen	2.0	Ländlicher Raum	2.0	zentral	1.0	Städtische Region	2.0	Ostdeutschland	1
14.0	Sachsen	14730	LK Nordsachsen	197741.0	Nordsachsen	2028.54	197794.0	44.0	Landkreis	4.0	Dünn besiedelter ländlicher Kreis	2.0	Ländlicher Raum	3.0	peripher	1.0	Städtische Region	2.0	Ostdeutschland	1
15.0	Sachsen-Anhalt	15001	SK Dessau-Roßlau	80103.0	Dessau-Roßlau, Stadt	244.75	82111.0	41.0	Kreisfreie Stadt	3.0	Ländlicher Kreis mit Verdichtungsansätzen	2.0	Ländlicher Raum	3.0	peripher	3.0	Ländliche Region	2.0	Ostdeutschland	1
15.0	Sachsen-Anhalt	15002	SK Halle	238762.0	Halle (Saale), Stadt	135.02	239173.0	41.0	Kreisfreie Stadt	1.0	kreisfreie Großstadt	1.0	Städtischer Raum	1.0	sehr zentral	2.0	Region mit Verstädterungsansätzen	2.0	Ostdeutschland	1
15.0	Sachsen-Anhalt	15003	SK Magdeburg	237565.0	Magdeburg, Stadt	201.01	238478.0	41.0	Kreisfreie Stadt	1.0	kreisfreie Großstadt	1.0	Städtischer Raum	2.0	zentral	3.0	Ländliche Region	2.0	Ostdeutschland	1
15.0	Sachsen-Anhalt	15081	LK Altmarkkreis Salzwedel	83173.0	Altmarkkreis Salzwedel	2293.03	84457.0	44.0	Landkreis	3.0	Ländlicher Kreis mit Verdichtungsansätzen	2.0	Ländlicher Raum	4.0	sehr peripher	3.0	Ländliche Region	2.0	Ostdeutschland	1
15.0	Sachsen-Anhalt	15082	LK Anhalt-Bitterfeld	158486.0	Anhalt-Bitterfeld	1453.52	161264.0	44.0	Landkreis	3.0	Ländlicher Kreis mit Verdichtungsansätzen	2.0	Ländlicher Raum	3.0	peripher	3.0	Ländliche Region	2.0	Ostdeutschland	1
15.0	Sachsen-Anhalt	15083	LK Börde	170923.0	Börde	2366.59	172619.0	44.0	Landkreis	4.0	Dünn besiedelter ländlicher Kreis	2.0	Ländlicher Raum	3.0	peripher	3.0	Ländliche Region	2.0	Ostdeutschland	1
15.0	Sachsen-Anhalt	15084	LK Burgenlandkreis	178846.0	Burgenlandkreis	1413.7	181968.0	44.0	Landkreis	3.0	Ländlicher Kreis mit Verdichtungsansätzen	2.0	Ländlicher Raum	3.0	peripher	2.0	Region mit Verstädterungsansätzen	2.0	Ostdeutschland	1
15.0	Sachsen-Anhalt	15085	LK Harz	213310.0	Harz	2104.54	216299.0	44.0	Landkreis	3.0	Ländlicher Kreis mit Verdichtungsansätzen	2.0	Ländlicher Raum	3.0	peripher	3.0	Ländliche Region	2.0	Ostdeutschland	1
15.0	Sachsen-Anhalt	15086	LK Jerichower Land	89589.0	Jerichower Land	1576.85	90465.0	44.0	Landkreis	4.0	Dünn besiedelter ländlicher Kreis	2.0	Ländlicher Raum	3.0	peripher	3.0	Ländliche Region	2.0	Ostdeutschland	1
15.0	Sachsen-Anhalt	15087	LK Mansfeld-Südharz	134942.0	Mansfeld-Südharz	1448.86	138013.0	44.0	Landkreis	4.0	Dünn besiedelter ländlicher Kreis	2.0	Ländlicher Raum	3.0	peripher	2.0	Region mit Verstädterungsansätzen	2.0	Ostdeutschland	1
15.0	Sachsen-Anhalt	15088	LK Saalekreis	183815.0	Saalekreis	1433.71	185494.0	44.0	Landkreis	3.0	Ländlicher Kreis mit Verdichtungsansätzen	2.0	Ländlicher Raum	2.0	zentral	2.0	Region mit Verstädterungsansätzen	2.0	Ostdeutschland	1
15.0	Sachsen-Anhalt	15089	LK Salzlandkreis	189125.0	Salzlandkreis	1426.85	192739.0	44.0	Landkreis	3.0	Ländlicher Kreis mit Verdichtungsansätzen	2.0	Ländlicher Raum	3.0	peripher	3.0	Ländliche Region	2.0	Ostdeutschland	1
15.0	Sachsen-Anhalt	15090	LK Stendal	111190.0	Stendal	2423.25	113186.0	44.0	Landkreis	4.0	Dünn besiedelter ländlicher Kreis	2.0	Ländlicher Raum	4.0	sehr peripher	3.0	Ländliche Region	2.0	Ostdeutschland	1
15.0	Sachsen-Anhalt	15091	LK Wittenberg	124953.0	Wittenberg	1930.47	126815.0	44.0	Landkreis	4.0	Dünn besiedelter ländlicher Kreis	2.0	Ländlicher Raum	3.0	peripher	3.0	Ländliche Region	2.0	Ostdeutschland	1
16.0	Thüringen	16051	SK Erfurt	213981.0	Erfurt, Stadt	269.91	212988.0	41.0	Kreisfreie Stadt	1.0	kreisfreie Großstadt	1.0	Städtischer Raum	2.0	zentral	2.0	Region mit Verstädterungsansätzen	2.0	Ostdeutschland	1
16.0	Thüringen	16052	SK Gera	93125.0	Gera, Stadt	152.19	94859.0	41.0	Kreisfreie Stadt	2.0	Städtischer Kreis	1.0	Städtischer Raum	2.0	zentral	2.0	Region mit Verstädterungsansätzen	2.0	Ostdeutschland	1
16.0	Thüringen	16053	SK Jena	111343.0	Jena, Stadt	114.76	111099.0	41.0	Kreisfreie Stadt	1.0	kreisfreie Großstadt	1.0	Städtischer Raum	2.0	zentral	2.0	Region mit Verstädterungsansätzen	2.0	Ostdeutschland	1
16.0	Thüringen	16054	SK Suhl	36789.0	Suhl, Stadt	103.03	35166.0	41.0	Kreisfreie Stadt	4.0	Dünn besiedelter ländlicher Kreis	2.0	Ländlicher Raum	3.0	peripher	3.0	Ländliche Region	2.0	Ostdeutschland	1
16.0	Thüringen	16055	SK Weimar	65228.0	Weimar, Stadt	84.48	64426.0	41.0	Kreisfreie Stadt	2.0	Städtischer Kreis	1.0	Städtischer Raum	2.0	zentral	2.0	Region mit Verstädterungsansätzen	2.0	Ostdeutschland	1
16.0	Thüringen	16061	LK Eichsfeld	100006.0	Eichsfeld	943.07	100645.0	44.0	Landkreis	3.0	Ländlicher Kreis mit Verdichtungsansätzen	2.0	Ländlicher Raum	3.0	peripher	3.0	Ländliche Region	2.0	Ostdeutschland	1
16.0	Thüringen	16062	LK Nordhausen	83416.0	Nordhausen	713.92	84697.0	44.0	Landkreis	4.0	Dünn besiedelter ländlicher Kreis	2.0	Ländlicher Raum	3.0	peripher	3.0	Ländliche Region	2.0	Ostdeutschland	1
16.0	Thüringen	16063	LK Wartburgkreis	118974.0	Wartburgkreis	1307.46	123764.0	44.0	Landkreis	4.0	Dünn besiedelter ländlicher Kreis	2.0	Ländlicher Raum	3.0	peripher	3.0	Ländliche Region	2.0	Ostdeutschland	1
16.0	Thüringen	16064	LK Unstrut-Hainich-Kreis	102232.0	Unstrut-Hainich-Kreis	979.68	103504.0	44.0	Landkreis	4.0	Dünn besiedelter ländlicher Kreis	2.0	Ländlicher Raum	3.0	peripher	3.0	Ländliche Region	2.0	Ostdeutschland	1
16.0	Thüringen	16065	LK Kyffhäuserkreis	74212.0	Kyffhäuserkreis	1037.87	75818.0	44.0	Landkreis	4.0	Dünn besiedelter ländlicher Kreis	2.0	Ländlicher Raum	4.0	sehr peripher	3.0	Ländliche Region	2.0	Ostdeutschland	1
16.0	Thüringen	16066	LK Schmalkalden-Meiningen	124916.0	Schmalkalden-Meiningen	1210.74	122952.0	44.0	Landkreis	4.0	Dünn besiedelter ländlicher Kreis	2.0	Ländlicher Raum	3.0	peripher	3.0	Ländliche Region	2.0	Ostdeutschland	1
16.0	Thüringen	16067	LK Gotha	134908.0	Gotha	936.08	135521.0	44.0	Landkreis	3.0	Ländlicher Kreis mit Verdichtungsansätzen	2.0	Ländlicher Raum	3.0	peripher	2.0	Region mit Verstädterungsansätzen	2.0	Ostdeutschland	1
16.0	Thüringen	16068	LK Sömmerda	69427.0	Sömmerda	806.86	70027.0	44.0	Landkreis	4.0	Dünn besiedelter ländlicher Kreis	2.0	Ländlicher Raum	3.0	peripher	2.0	Region mit Verstädterungsansätzen	2.0	Ostdeutschland	1
16.0	Thüringen	16069	LK Hildburghausen	63197.0	Hildburghausen	938.43	63923.0	44.0	Landkreis	4.0	Dünn besiedelter ländlicher Kreis	2.0	Ländlicher Raum	3.0	peripher	3.0	Ländliche Region	2.0	Ostdeutschland	1
16.0	Thüringen	16070	LK Ilm-Kreis	106249.0	Ilm-Kreis	843.73	108830.0	44.0	Landkreis	4.0	Dünn besiedelter ländlicher Kreis	2.0	Ländlicher Raum	3.0	peripher	2.0	Region mit Verstädterungsansätzen	2.0	Ostdeutschland	1
16.0	Thüringen	16071	LK Weimarer Land	82156.0	Weimarer Land	804.49	82131.0	44.0	Landkreis	2.0	Städtischer Kreis	1.0	Städtischer Raum	3.0	peripher	2.0	Region mit Verstädterungsansätzen	2.0	Ostdeutschland	1
16.0	Thüringen	16072	LK Sonneberg	57717.0	Sonneberg	433.61	56361.0	44.0	Landkreis	4.0	Dünn besiedelter ländlicher Kreis	2.0	Ländlicher Raum	3.0	peripher	3.0	Ländliche Region	2.0	Ostdeutschland	1
16.0	Thüringen	16073	LK Saalfeld-Rudolstadt	103199.0	Saalfeld-Rudolstadt	1036.02	107368.0	44.0	Landkreis	4.0	Dünn besiedelter ländlicher Kreis	2.0	Ländlicher Raum	3.0	peripher	2.0	Region mit Verstädterungsansätzen	2.0	Ostdeutschland	1
16.0	Thüringen	16074	LK Saale-Holzland-Kreis	82950.0	Saale-Holzland-Kreis	815.26	82990.0	44.0	Landkreis	3.0	Ländlicher Kreis mit Verdichtungsansätzen	2.0	Ländlicher Raum	3.0	peripher	2.0	Region mit Verstädterungsansätzen	2.0	Ostdeutschland	1
16.0	Thüringen	16075	LK Saale-Orla-Kreis	80312.0	Saale-Orla-Kreis	1151.33	81501.0	44.0	Landkreis	4.0	Dünn besiedelter ländlicher Kreis	2.0	Ländlicher Raum	3.0	peripher	2.0	Region mit Verstädterungsansätzen	2.0	Ostdeutschland	1
16.0	Thüringen	16076	LK Greiz	97398.0	Greiz	845.95	99275.0	44.0	Landkreis	2.0	Städtischer Kreis	1.0	Städtischer Raum	3.0	peripher	2.0	Region mit Verstädterungsansätzen	2.0	Ostdeutschland	1
16.0	Thüringen	16077	LK Altenburger Land	89393.0	Altenburger Land	569.44	90650.0	44.0	Landkreis	3.0	Ländlicher Kreis mit Verdichtungsansätzen	2.0	Ländlicher Raum	3.0	peripher	2.0	Region mit Verstädterungsansätzen	2.0	Ostdeutschland	1
